sample_row_id,sample_id,start_date,start_time,station_code,counter,gear_condition,trap_sample_type,habitat,debris_tubs,cone,fish_properly,flow_cfs,temperature,turbidity,velocity,river_depth,gear,diel,sampling_weight,location_in_river,volume,weather
33926,62_23,2023-03-02,15:35:00,gate 1,78475,normal,intensive (Storm/Mort),run,0.2,1,Y,7351,NA,13.8,2.65,99,RSTR5,D4,0.269,EM,224430.27,clear
33927,62_23,2023-03-02,15:30:00,gate 5,67496,normal,intensive (Storm/Mort),run,0.5,1,Y,7351,NA,12.2,3.03,3.5,RSTR5,D4,0.257,MC,264308.19,clear
33928,62_23,2023-03-02,15:25:00,gate 6,70961,normal,intensive (Storm/Mort),run,0.6,1,Y,7351,NA,11.3,3.56,5,RSTR8,D4,0.231,MC,877010.7,clear
33929,62_23,2023-03-02,15:21:00,gate 7,7576,normal,intensive (Storm/Mort),run,0.2,1,Y,7351,NA,12,3.64,3.25,RSTR5,D4,0.249,MC,306297.31,clear
33930,62_23,2023-03-02,15:18:00,gate 8,86893,normal,intensive (Storm/Mort),run,0.1,1,Y,7351,NA,12.2,2.68,4.6,RSTR5,D4,0.262,WM,254930.18,clear
33931,62_23,2023-03-02,18:39:00,gate 1,79574,normal,intensive (Storm/Mort),run,0.4,1,Y,7351,NA,10.9,2.61,99,RSTR5,N1,0.205,EM,185658.14,clear
33933,62_23,2023-03-02,18:03:00,gate 6,71635,normal,intensive (Storm/Mort),run,1.2,1,Y,7351,NA,12,3.6,5,RSTR8,N1,0.143,MC,573735.96,cloudy
33935,62_23,2023-03-02,18:17:00,gate 8,88387,normal,intensive (Storm/Mort),run,0.2,1,Y,7351,NA,12.4,2.61,4.4,RSTR5,N1,0.226,WM,205204.43,cloudy
33932,62_23,2023-03-02,18:26:00,gate 5,68749,normal,intensive (Storm/Mort),run,0.8,1,Y,7351,NA,10.8,3.59,3.6,RSTR5,N1,0.221,MC,249111.35,clear
33934,62_23,2023-03-02,18:11:00,gate 7,9469,normal,intensive (Storm/Mort),run,0.2,1,Y,7351,NA,13.1,3.57,3.6,RSTR5,N1,0.238,MC,295247.57,clear
33916,63_23,2023-03-03,09:23:00,gate 5,70325,normal,intensive (Storm/Mort),run,0.1,0.5,Y,6743,NA,9.35,3.34,3.5,RSTR5,D2,0.27,MC,285333.04,clear
33925,63_23,2023-03-03,21:04:00,gate 8,92260,normal,intensive (Storm/Mort),run,0.2,1,Y,6743,NA,8.01,2.85,4.3,RSTR5,N2,0.266,WM,261606.71,cloudy
33921,63_23,2023-03-03,21:08:00,gate 5,1630,normal,intensive (Storm/Mort),run,0.3,0.5,Y,6743,NA,8.84,3.38,4,RSTR5,N2,0.273,MC,318802.13,cloudy
33920,63_23,2023-03-03,21:16:00,gate 1,81926,normal,intensive (Storm/Mort),run,0.1,1,Y,6743,NA,8.54,2.68,99,RSTR5,N2,0.281,EM,259720.97,cloudy
33919,63_23,2023-03-03,09:34:00,gate 8,89944,normal,intensive (Storm/Mort),run,0.1,1,Y,6743,NA,9.11,3.1,4.7,RSTR5,D2,0.241,WM,236764.47,clear
33918,63_23,2023-03-03,09:31:00,gate 7,11200,normal,intensive (Storm/Mort),run,0.1,0.5,Y,6743,NA,8.77,3.6,3,RSTR5,D2,0.251,MC,286613.24,clear
33924,63_23,2023-03-03,21:00:00,gate 7,13501,normal,intensive (Storm/Mort),run,0.2,0.5,Y,6743,NA,9.04,3.53,3.2,RSTR5,N2,0.262,MC,319963.46,cloudy
33917,63_23,2023-03-03,09:28:00,gate 6,72665,normal,intensive (Storm/Mort),run,0.1,0.5,Y,6743,NA,9.24,3.34,4.9,RSTR8,D2,0.247,MC,819037.44,clear
33923,63_23,2023-03-03,20:57:00,gate 6,74065,normal,intensive (Storm/Mort),run,0.3,0.5,Y,6743,NA,8.5,3.4,4.9,RSTR8,N2,0.254,MC,984406.27,cloudy
33915,63_23,2023-03-03,09:39:00,gate 1,80670,normal,intensive (Storm/Mort),run,0.1,1,Y,6743,NA,9.18,2.64,99,RSTR5,D2,0.257,EM,214775.45,clear
33945,65_23,2023-03-05,15:10:00,gate 8,93923,normal,intensive (Storm/Mort),run,0.1,1,Y,7054,NA,6.57,3.21,4.7,RSTR5,D4,0.244,WM,268271.13,cloudy
33944,65_23,2023-03-05,15:08:00,gate 7,15324,normal,intensive (Storm/Mort),run,0.3,1,Y,7054,NA,7.36,3.57,3.2,RSTR5,D4,0.257,MC,291914.25,cloudy
33943,65_23,2023-03-05,15:14:00,gate 6,75169,normal,intensive (Storm/Mort),run,0.4,1,Y,7054,NA,6.51,3.34,4.8,RSTR8,D4,0.257,MC,903665.64,cloudy
33942,65_23,2023-03-05,15:17:00,gate 5,3118,normal,intensive (Storm/Mort),run,0.2,1,Y,7054,NA,6.69,3.35,3.2,RSTR5,D4,0.263,MC,280364.02,cloudy
33941,65_23,2023-03-05,15:21:00,gate 1,83106,normal,intensive (Storm/Mort),run,0.1,1,Y,7054,NA,8.47,2.55,99,RSTR5,D4,0.27,EM,218780.88,cloudy
33938,65_23,2023-03-06,00:07:00,gate 6,76350,normal,intensive (Storm/Mort),run,0.3,1,Y,7054,NA,7.46,3.51,4.9,RSTR8,N3,0.253,MC,980442.23,clear
33950,66_23,2023-03-06,06:37:00,gate 1,96496,normal,non-intensive,run,2.8,1,Y,7513,NA,10.7,2.92,99,RSTR5,NA,1.123611111,EM,2008867.41,cloudy
33948,66_23,2023-03-06,06:25:00,gate 6,87352,normal,non-intensive,run,5.8,1,Y,7513,NA,7.2,3.97,5,RSTR8,NA,1.088888889,MC,9716630.37,cloudy
33947,66_23,2023-03-06,06:28:00,gate 7,34905,normal,non-intensive,run,0.6,1,Y,7513,NA,8.91,3.42,3.9,RSTR5,NA,1.082638889,MC,2640835.01,cloudy
33946,66_23,2023-03-06,06:30:00,gate 8,11406,normal,non-intensive,run,2.9,1,Y,7513,NA,11.9,2.92,4.5,RSTR5,NA,1.092361111,WM,2272006.15,cloudy
33940,65_23,2023-03-06,00:00:00,gate 8,95603,normal,intensive (Storm/Mort),run,0.1,1,Y,7054,NA,9.02,3.2,4.3,RSTR5,N3,0.241,WM,264453.84,clear
33939,65_23,2023-03-06,00:03:00,gate 7,17162,normal,intensive (Storm/Mort),run,0.1,1,Y,7054,NA,7.76,3.29,3.5,RSTR5,N3,0.248,MC,279586.74,clear
33937,65_23,2023-03-06,00:10:00,gate 5,4761,normal,intensive (Storm/Mort),run,0.2,1,Y,7054,NA,7.63,3.35,3.5,RSTR5,N3,0.264,MC,303102.46,clear
33936,65_23,2023-03-06,00:15:00,gate 1,84385,normal,intensive (Storm/Mort),run,0.1,1,Y,7054,NA,6.71,2.66,99,RSTR5,N3,0.27,EM,246952.27,clear
33949,66_23,2023-03-06,06:34:00,gate 5,20163,normal,non-intensive,run,3,1,Y,7513,NA,9.17,3.02,3.9,RSTR5,NA,1.100694444,MC,2366719.52,cloudy
33955,67_23,2023-03-07,08:43:00,gate 8,24171,normal,non-intensive,run,0.9,1,Y,8285,NA,10,3.04,4.5,RSTR5,NA,1.068055556,WM,2317760.33,clear
33954,67_23,2023-03-07,08:27:00,gate 7,50860,normal,non-intensive,run,1.1,1,Y,8285,NA,9.22,2.89,4.2,RSTR5,NA,1.063888889,MC,2192803.31,clear
33953,67_23,2023-03-07,08:33:00,gate 6,94333,normal,non-intensive,run,4,1,Y,8285,NA,9.62,3.72,6.5,RSTR8,NA,1.020138889,MC,8517711.34,clear
33952,67_23,2023-03-07,08:59:00,gate 5,34576,normal,non-intensive,run,3,1,Y,8285,NA,9.38,3.52,4.3,RSTR5,NA,1.1,MC,2563947.54,clear
33951,67_23,2023-03-07,09:35:00,gate 1,3443,partial block,non-intensive,run,2.5,1,Y,8285,NA,10.8,2.78,99,RSTR5,NA,1.052083333,EM,1936281.32,clear
33960,68_23,2023-03-08,10:21:00,gate 8,35568,normal,non-intensive,run,0.9,1,Y,9705,NA,10.3,2.66,4.5,RSTR5,NA,0.934027778,WM,1773291.71,cloudy
33957,68_23,2023-03-08,11:23:00,gate 5,46368,not rotating,non-intensive,run,4.1,1,Y,9705,NA,9.02,3.62,3.8,RSTR5,NA,0.923611111,MC,2210585.98,rainy
33956,68_23,2023-03-08,10:50:00,gate 1,12186,normal,non-intensive,run,5.5,1,Y,9705,NA,11.7,2.59,99,RSTR5,NA,0.944444444,EM,1499266.33,cloudy
33958,68_23,2023-03-08,09:02:00,gate 6,4439,normal,non-intensive,run,10.8,1,Y,9705,NA,9.23,3.6,5.7,RSTR8,NA,0.990972222,MC,7792661.35,cloudy
33959,68_23,2023-03-08,09:59:00,gate 7,65602,normal,non-intensive,run,1.9,1,Y,9705,NA,10.3,3.65,3.7,RSTR5,NA,0.929861111,MC,2419956.29,cloudy
33971,77_23,2023-03-17,13:25:00,gate 7,14632,normal,intensive (Storm/Mort),run,0.5,1,Y,14807,NA,80.8,3.55,6.3,RSTR5,D3,0.267,MC,339439.46,clear
33970,77_23,2023-03-17,13:31:00,gate 5,6129,normal,intensive (Storm/Mort),run,1.7,1,Y,14807,NA,73.9,3.83,5.5,RSTR8,D3,0.269,MC,1163628.38,cloudy
33972,77_23,2023-03-17,13:22:00,gate 8,48573,normal,intensive (Storm/Mort),run,0.2,1,Y,14807,NA,85.6,3.4,7.4,RSTR5,D3,0.26,WM,316192.5,clear
33969,77_23,2023-03-17,13:35:00,gate 1,36650,normal,intensive (Storm/Mort),run,0.3,1,Y,14807,NA,77.1,2.49,99,RSTR5,D3,0.293,EM,242372.73,clear
33968,77_23,2023-03-18,01:21:00,gate 8,51199,normal,intensive (Storm/Mort),run,0.5,1,Y,14807,NA,73.3,3.36,5.2,RSTR5,N3,0.297,WM,354575.43,clear
33962,78_23,2023-03-18,13:12:00,gate 5,9276,normal,intensive (Storm/Mort),run,2.1,1,Y,12862,NA,60.5,3.65,5.1,RSTR8,D3,0.253,MC,1020644.89,cloudy
33964,78_23,2023-03-18,13:03:00,gate 8,52876,normal,intensive (Storm/Mort),run,0.2,1,Y,12862,NA,61.9,3.27,6.6,RSTR5,D3,0.32,WM,375880.89,cloudy
33966,77_23,2023-03-18,01:15:00,gate 5,7745,normal,intensive (Storm/Mort),run,2.5,1,Y,14807,NA,73.7,4.05,5.3,RSTR8,N3,0.253,MC,1143871.73,clear
33963,78_23,2023-03-18,13:06:00,gate 7,19310,normal,intensive (Storm/Mort),run,0.5,1,Y,12862,NA,53.8,3.47,4.7,RSTR5,D3,0.247,MC,307171.38,cloudy
33965,77_23,2023-03-18,01:26:00,gate 1,38035,normal,intensive (Storm/Mort),run,0.5,1,Y,14807,NA,64.2,2.63,99,RSTR5,N3,0.307,EM,265503.53,clear
33967,77_23,2023-03-18,01:18:00,gate 7,17373,normal,intensive (Storm/Mort),run,0.4,1,Y,14807,NA,72.3,2.98,6,RSTR5,N3,0.285,MC,323567.55,clear
33961,78_23,2023-03-18,13:16:00,gate 1,39263,normal,intensive (Storm/Mort),run,0.2,1,Y,12862,NA,60.7,2.82,99,RSTR5,D3,0.259,EM,262875.11,cloudy
33979,78_23,2023-03-19,04:11:00,gate 5,10729,normal,intensive (Storm/Mort),run,3.6,1,Y,12862,NA,33,3.76,4.8,RSTR8,N4,0.234,MC,953076.93,rainy
33984,79_23,2023-03-19,10:10:00,gate 7,19867,normal,intensive (Storm/Mort),run,2.6,1,Y,21034,NA,46.7,3.35,5.5,RSTR5,D2,0.242,MC,293159.79,rainy
33985,79_23,2023-03-19,10:07:00,gate 8,56479,normal,intensive (Storm/Mort),run,5,1,Y,21034,NA,45.4,3.1,6.5,RSTR5,D2,0.238,WM,248034.86,rainy
33978,78_23,2023-03-19,04:20:00,gate 1,40417,normal,intensive (Storm/Mort),run,0.7,1,Y,12862,NA,41.5,2.54,99,RSTR5,N4,0.245,EM,220316.25,rainy
33980,78_23,2023-03-19,04:14:00,gate 7,19422,normal,intensive (Storm/Mort),run,0.5,1,Y,12862,NA,43.2,3.5,4.5,RSTR5,N4,0.239,MC,318006.64,rainy
33981,78_23,2023-03-19,04:17:00,gate 8,54395,normal,intensive (Storm/Mort),run,0.5,1,Y,12862,NA,35.9,2.69,6.8,RSTR5,N4,0.241,WM,229011.67,rainy
33982,79_23,2023-03-19,10:16:00,gate 1,41742,normal,intensive (Storm/Mort),run,0.5,1,Y,21034,NA,53.1,2.66,99,RSTR5,D2,0.255,EM,227167.3,rainy
33983,79_23,2023-03-19,10:13:00,gate 5,12403,normal,intensive (Storm/Mort),run,4,1,Y,21034,NA,38.9,3.58,5,RSTR8,D2,0.252,MC,971376.76,rainy
33987,79_23,2023-03-20,04:06:00,gate 5,14030,normal,intensive (Storm/Mort),run,4.7,1,Y,21034,NA,140,4.9,7.4,RSTR8,N4,0.251,MC,1392687.51,cloudy
33989,79_23,2023-03-20,04:15:00,gate 8,58579,not rotating,intensive (Storm/Mort),run,1.6,1,Y,21034,NA,121,3.43,8.6,RSTR5,N4,0.242,WM,314069.28,cloudy
33986,79_23,2023-03-20,04:20:00,gate 1,41776,normal,intensive (Storm/Mort),run,0.2,1,Y,21034,NA,98.9,1.07,99,RSTR5,N4,0.245,EM,85950.85,cloudy
33988,79_23,2023-03-20,04:09:00,gate 7,22271,normal,intensive (Storm/Mort),run,2.3,1,Y,21034,NA,121,3.07,6,RSTR5,N4,0.259,MC,321162.48,cloudy
33992,81_23,2023-03-21,10:20:00,gate 6,15950,normal,intensive (Storm/Mort),run,1.8,1,Y,14406,NA,47.6,5.11,6.8,RSTR8,D2,0.239,MC,1436771.34,cloudy
33994,81_23,2023-03-21,10:17:00,gate 7,24804,normal,intensive (Storm/Mort),run,0.2,1,Y,14406,NA,56.6,3.43,6.4,RSTR5,D2,0.233,MC,289959.67,cloudy
34000,81_23,2023-03-21,19:28:00,gate 8,62440,normal,intensive (Storm/Mort),run,0.3,1,Y,14406,NA,30.9,2.98,7,RSTR5,N1,0.206,WM,265668.23,rainy
33999,81_23,2023-03-21,19:25:00,gate 7,26769,normal,intensive (Storm/Mort),run,0.4,1,Y,14406,NA,27.7,3.37,5.9,RSTR5,N1,0.254,MC,320474.86,rainy
33998,81_23,2023-03-21,19:23:00,gate 6,17598,normal,intensive (Storm/Mort),run,1.5,1,Y,14406,NA,32,4.38,6.7,RSTR8,N1,0.224,MC,1079212.68,rainy
33995,81_23,2023-03-21,10:15:00,gate 8,60686,normal,intensive (Storm/Mort),run,0.1,1,Y,14406,NA,45.5,3.17,7.3,RSTR5,D2,0.223,WM,257481.21,cloudy
33991,81_23,2023-03-21,10:13:00,gate 1,42822,normal,intensive (Storm/Mort),run,0.1,1,Y,14406,NA,58.3,2.54,99,RSTR5,D2,0.265,EM,227286.85,cloudy
33996,81_23,2023-03-21,19:35:00,gate 1,44274,normal,intensive (Storm/Mort),run,0.2,1,Y,14406,NA,30.9,2.79,99,RSTR5,N1,0.301,EM,272082.13,rainy
33993,81_23,2023-03-21,10:08:00,gate 5,68749,normal,intensive (Storm/Mort),run,0.3,1,Y,14406,NA,46.4,2.56,5.9,RSTR5,D2,0.264,MC,263919.29,cloudy
33997,81_23,2023-03-21,19:32:00,gate 5,71481,normal,intensive (Storm/Mort),run,0.5,1,Y,14406,NA,36.2,3.18,5.8,RSTR5,N1,0.287,MC,319751.64,rainy
33974,82_23,2023-03-22,08:31:00,gate 5,88822,normal,non-intensive,run,4.4,1,Y,13538,NA,42.9,3.4,5.7,RSTR5,NA,1.022222222,MC,2476920.6,clear
33973,82_23,2023-03-22,08:59:00,gate 1,55613,normal,non-intensive,run,3.8,1,Y,13538,NA,39.6,3.05,99,RSTR5,NA,1.046527778,EM,2110478.36,clear
33975,82_23,2023-03-22,08:12:00,gate 6,29546,normal,non-intensive,run,12,1,Y,13538,NA,40.9,4.29,6.5,RSTR8,NA,1.035416667,MC,9714588.83,clear
33977,82_23,2023-03-22,08:23:00,gate 8,75581,normal,non-intensive,run,1.6,1,Y,13538,NA,34.3,3.28,6.5,RSTR5,NA,1.095138889,WM,2560488.28,clear
33976,82_23,2023-03-22,08:53:00,gate 7,42321,normal,non-intensive,run,2.1,1,Y,13538,NA,36.2,3.27,5.8,RSTR5,NA,1.054166667,MC,2639481.46,clear
34004,83_23,2023-03-23,10:11:00,gate 7,44032,normal,non-intensive,run,2.5,1,Y,13600,NA,41.9,3.29,5.4,RSTR5,NA,0.996527778,MC,2334367.48,clear
34001,83_23,2023-03-23,10:06:00,gate 1,66115,normal,non-intensive,run,4,1,Y,13600,NA,38.3,3.02,99,RSTR5,NA,1.057638889,EM,2111586.26,clear
34002,83.0_23,2023-03-23,09:03:00,gate 5,14,normal,non-intensive,run,2.7,1,Y,13600,NA,34.5,3.11,5.2,RSTR5,NA,1.084722222,MC,2583313.52,clear
34003,83_23,2023-03-23,09:03:00,gate 6,41199,normal,non-intensive,run,12.5,1,Y,13600,NA,34.5,3.91,6.5,RSTR8,NA,1.011805556,MC,8893751.43,clear
34005,83_23,2023-03-23,10:40:00,gate 8,87856,normal,non-intensive,run,1.8,1,Y,13600,NA,34.9,2.95,5.8,RSTR5,NA,0.991666667,WM,2088476.78,clear
34010,84_23,2023-03-24,10:28:00,gate 8,99153,normal,non-intensive,run,0.7,1,Y,11461,NA,31.9,2.84,5.7,RSTR5,NA,1.005555556,WM,2038554.27,clear
34007,84_23,2023-03-24,11:05:00,gate 5,15888,normal,non-intensive,run,1.3,1,Y,11461,NA,28,3.29,4.75,RSTR5,NA,1.002083333,MC,2347078.87,clear
34008,84_23,2023-03-24,09:20:00,gate 6,51992,normal,non-intensive,run,7,1,Y,11461,NA,27.5,3.9,6.3,RSTR8,NA,0.997916667,MC,8514521.64,clear
34009,84_23,2023-03-24,10:06:00,gate 7,52196,normal,non-intensive,run,1.1,1,Y,11461,NA,27.2,2.85,5,RSTR5,NA,1.000694444,MC,2183739.93,clear
34006,84_23,2023-03-24,11:29:00,gate 1,77714,normal,non-intensive,run,2.4,1,Y,11461,NA,32.4,2.87,99,RSTR5,NA,1.011805556,EM,1924038.98,clear
34014,85_23,2023-03-25,10:07:00,gate 7,64569,normal,non-intensive,run,0.7,1,Y,10119,NA,16.7,3.03,4.8,RSTR5,NA,0.982638889,MC,2125339.31,clear
34013,85_23,2023-03-25,09:17:00,gate 6,61889,normal,non-intensive,run,4.8,1,Y,10119,NA,15.9,3.34,5.7,RSTR8,NA,0.979861111,MC,7362513.34,clear
34011,85_23,2023-03-25,11:46:00,gate 1,89511,normal,non-intensive,run,1,1,Y,10119,NA,17.9,2.96,99,RSTR5,NA,0.979166667,EM,1914997.74,clear
34012,85_23,2023-03-25,11:08:00,gate 5,30406,normal,non-intensive,run,1.4,1,Y,10119,NA,17.9,3.31,4.8,RSTR5,NA,0.979166667,MC,2312015.66,clear
34015,85_23,2023-03-25,10:36:00,gate 8,9149,normal,non-intensive,run,0.2,1,Y,10119,NA,16.7,2.74,5.7,RSTR5,NA,0.979166667,WM,1911824.22,clear
34016,86_23,2023-03-26,11:16:00,gate 1,7274,normal,non-intensive,run,1.7,1,Y,9205,NA,20,3.09,99,RSTR5,NA,0.993055556,EM,2187544.58,clear
34018,86_23,2023-03-26,08:48:00,gate 6,71873,normal,non-intensive,run,4.1,1,Y,9205,NA,20.9,3.5,5.5,RSTR8,NA,1.002083333,MC,7454538,clear
34019,86_23,2023-03-26,09:42:00,gate 7,76485,normal,non-intensive,run,0.8,1,Y,9205,NA,18.3,3.32,5,RSTR5,NA,0.998611111,MC,2365737.07,clear
34020,86_23,2023-03-26,10:06:00,gate 8,18625,normal,non-intensive,run,0.4,1,Y,9205,NA,17,2.6,5.5,RSTR5,NA,0.997222222,WM,1717164.52,clear
34017,86_23,2023-03-26,10:38:00,gate 5,45081,normal,non-intensive,run,0.9,1,Y,9205,NA,18.3,3.02,4.5,RSTR5,NA,0.997916667,MC,2148355.26,clear
34024,87_23,2023-03-27,13:11:00,gate 7,79571,normal,intensive (Storm/Mort),run,0.1,1,Y,8644,NA,15.7,3.28,4.3,RSTR5,D3,0.244,MC,276049.03,cloudy
34025,87_23,2023-03-27,13:09:00,gate 8,20907,normal,intensive (Storm/Mort),run,0.2,1,Y,8644,NA,15.6,2.56,5.4,RSTR5,D3,0.241,WM,212951.94,cloudy
34023,87_23,2023-03-27,13:14:00,gate 6,74898,normal,intensive (Storm/Mort),run,0.5,1,Y,8644,NA,13.2,3.78,5.6,RSTR8,D3,0.252,MC,1113848.11,cloudy
34022,87_23,2023-03-27,13:16:00,gate 5,48497,normal,intensive (Storm/Mort),run,0.3,1,Y,8644,NA,12.1,2.95,4,RSTR5,D3,0.253,MC,277329.94,cloudy
34030,87_23,2023-03-27,19:33:00,gate 8,22758,normal,intensive (Storm/Mort),run,0.1,1,Y,8644,NA,12.5,2.47,5.5,RSTR5,N1,0.261,WM,204643.62,rainy
34021,87_23,2023-03-27,13:20:00,gate 1,1692,normal,intensive (Storm/Mort),run,0.7,1,Y,8644,NA,17.2,2.93,99,RSTR5,D3,0.26,EM,262263.05,cloudy
34027,87_23,2023-03-27,19:36:00,gate 5,52140,normal,intensive (Storm/Mort),run,0.1,1,Y,8644,NA,11.9,2.89,4.4,RSTR5,N1,0.27,MC,266093.81,rainy
34028,87_23,2023-03-27,19:28:00,gate 6,77213,normal,intensive (Storm/Mort),run,0.2,1,Y,8644,NA,18.4,3.5,5.5,RSTR8,N1,0.239,MC,876863.43,cloudy
34029,87_23,2023-03-27,19:30:00,gate 7,82403,normal,intensive (Storm/Mort),run,0.2,1,Y,8644,NA,15.9,3.01,4.2,RSTR5,N1,0.254,MC,242108.33,cloudy
34026,87_23,2023-03-27,19:40:00,gate 1,4392,normal,intensive (Storm/Mort),run,0.1,1,Y,8644,NA,14,2.61,99,RSTR5,N1,0.282,EM,233002.55,rainy
34044,90_23,2023-03-30,16:27:00,gate 8,1440,normal,intensive (Storm/Mort),run,0.1,1,Y,13752,NA,45.2,3.63,6.5,RSTR5,D4,0.198,WM,289717.6,clear
34037,90_23,2023-03-30,18:57:00,gate 8,3340,normal,intensive (Storm/Mort),run,0.2,1,Y,13752,NA,33.6,3.14,7,RSTR5,N1,0.288,WM,282867.52,cloudy
34034,90_23,2023-03-30,19:04:00,gate 5,56456,normal,intensive (Storm/Mort),run,0.8,0.5,Y,13752,NA,28.9,3.27,5.6,RSTR5,N1,0.292,MC,299453.05,cloudy
34035,90_23,2023-03-30,18:52:00,gate 7,86163,normal,intensive (Storm/Mort),run,0.1,0.5,Y,13752,NA,31.8,3.42,5.9,RSTR5,N1,0.285,MC,377665.84,cloudy
34038,90_23,2023-03-30,16:36:00,gate 1,5468,normal,intensive (Storm/Mort),run,0.7,1,Y,13752,NA,48.5,2.71,99,RSTR5,D4,0.203,EM,191986.41,clear
34039,90_23,2023-03-30,16:30:00,gate 5,54054,normal,intensive (Storm/Mort),run,1,0.5,Y,13752,NA,53.6,3.19,5.8,RSTR5,D4,0.226,MC,261341.43,clear
34040,90_23,2023-03-30,16:21:00,gate 6,78549,normal,intensive (Storm/Mort),run,1.5,0.5,Y,13752,NA,41.9,4.85,6.8,RSTR8,D4,0.194,MC,1137356.15,clear
34041,90_23,2023-03-30,16:24:00,gate 7,84072,normal,intensive (Storm/Mort),run,0.2,0.5,Y,13752,NA,42.1,3.41,5.7,RSTR5,D4,0.195,MC,249495.39,clear
34033,90_23,2023-03-30,19:10:00,gate 1,6876,normal,intensive (Storm/Mort),run,0.2,1,Y,13752,NA,28.8,2.65,99,RSTR5,N1,0.297,EM,264596.49,cloudy
34046,91_23,2023-03-31,22:18:00,gate 5,61093,normal,intensive (Storm/Mort),run,0.1,0.5,Y,11652,NA,43.8,3.36,5.1,RSTR5,N2,0.26,MC,272190.13,clear
34052,91_23,2023-03-31,09:52:00,gate 7,89317,normal,intensive (Storm/Mort),run,0.5,0.5,Y,11652,NA,20.4,3.26,5.5,RSTR5,D2,0.262,MC,322678.13,cloudy
34051,91_23,2023-03-31,09:49:00,gate 6,80172,normal,intensive (Storm/Mort),run,1.2,0.5,Y,11652,NA,24.5,4.33,6.25,RSTR8,D2,0.198,MC,1044163.05,clear
34050,91_23,2023-03-31,09:57:00,gate 5,58617,normal,intensive (Storm/Mort),run,0.6,0.5,Y,11652,NA,25.1,3.26,5.25,RSTR5,D2,0.251,MC,308495.55,cloudy
34049,91_23,2023-03-31,10:01:00,gate 1,8531,normal,intensive (Storm/Mort),run,0.5,1,Y,11652,NA,21.7,3.03,99,RSTR5,D2,0.261,EM,277216.47,cloudy
34048,91_23,2023-03-31,22:11:00,gate 8,7331,normal,intensive (Storm/Mort),run,0.1,1,Y,11652,NA,48.5,3.41,6.2,RSTR5,N2,0.249,WM,264490.7,clear
34047,91_23,2023-03-31,22:14:00,gate 7,91601,normal,intensive (Storm/Mort),run,0.1,1,Y,11652,NA,47.1,3.19,4.8,RSTR5,N2,0.254,MC,271832.04,clear
34045,91_23,2023-03-31,22:23:00,gate 1,9905,normal,intensive (Storm/Mort),run,0.2,1,Y,11652,NA,45.5,2.61,99,RSTR5,N2,0.265,EM,215655.47,clear
34053,91_23,2023-03-31,09:54:00,gate 8,5158,normal,intensive (Storm/Mort),run,0.3,1,Y,11652,NA,20.9,3.6,6.25,RSTR5,D2,0.265,WM,334143.75,cloudy
34060,92_23,2023-04-01,19:33:00,gate 5,65654,normal,intensive (Storm/Mort),run,0.3,1,Y,10392,NA,21.3,3.98,4.6,RSTR5,N1,0.251,MC,335171.97,clear
34061,92_23,2023-04-01,19:30:00,gate 6,83623,normal,intensive (Storm/Mort),run,0.9,1,Y,10392,NA,20,4.24,5.9,RSTR8,N1,0.228,MC,991319.91,clear
34056,92_23,2023-04-01,13:30:00,gate 6,81688,normal,intensive (Storm/Mort),run,1,1,Y,10392,NA,18.4,3.95,6,RSTR8,D3,0.212,MC,971082.25,cloudy
34054,92_23,2023-04-01,13:36:00,gate 1,11408,normal,intensive (Storm/Mort),run,1,1,Y,10392,NA,29.7,2.97,99,RSTR5,D3,0.237,EM,246949.32,cloudy
34055,92_23,2023-04-01,13:21:00,gate 5,62987,normal,intensive (Storm/Mort),run,0.4,1,Y,10392,NA,20,3.45,5,RSTR5,D3,0.23,MC,345284.54,cloudy
34063,92_23,2023-04-01,19:24:00,gate 8,11528,normal,intensive (Storm/Mort),run,0.1,1,Y,10392,NA,21.9,3.25,5.6,RSTR5,N1,0.246,WM,267055.92,clear
34058,92_23,2023-04-01,13:31:00,gate 8,8739,normal,intensive (Storm/Mort),run,0.2,1,Y,10392,NA,20.9,3.16,5.75,RSTR5,D3,0.228,WM,272012.9,cloudy
34062,92_23,2023-04-01,19:27:00,gate 7,95565,normal,intensive (Storm/Mort),run,0.2,1,Y,10392,NA,26,3.68,4.7,RSTR5,N1,0.25,MC,307568.1,clear
34059,92_23,2023-04-01,19:37:00,gate 1,12923,normal,intensive (Storm/Mort),run,0.1,1,Y,10392,NA,21.7,2.91,99,RSTR5,N1,0.256,EM,231025.26,cloudy
34057,92_23,2023-04-01,13:29:00,gate 7,93160,normal,intensive (Storm/Mort),run,0.1,1,Y,10392,NA,19.8,3.17,4.7,RSTR5,D3,0.226,MC,271471.96,clear
34073,93_23,2023-04-02,19:17:00,gate 8,23309,normal,sunrise-sunset,run,0.1,1,Y,10168,NA,13.5,3.38,5.6,RSTR5,N,1,WM,1414722.31,clear
34065,93_23,2023-04-02,10:53:00,gate 5,75148,normal,sunrise-sunset,run,0.7,1,Y,10168,NA,15.2,3.17,4.5,RSTR5,D,1,MC,804190.98,clear
34067,93_23,2023-04-02,10:45:00,gate 7,1055,normal,sunrise-sunset,run,0.4,1,Y,10168,NA,14.9,2.19,4.8,RSTR5,D,1,MC,513903.46,clear
34069,93_23,2023-04-02,19:30:00,gate 1,24968,normal,sunrise-sunset,run,1.5,1,Y,10168,NA,14,3.2,99,RSTR5,N,1,EM,1329892.19,clear
34072,93_23,2023-04-02,19:15:00,gate 7,8385,normal,sunrise-sunset,run,0.5,1,Y,10168,NA,11.7,2.84,4.7,RSTR5,N,1,MC,1150403.81,clear
34071,93_23,2023-04-02,19:07:00,gate 6,93705,normal,sunrise-sunset,run,2,1,Y,10168,NA,12,3.69,5.7,RSTR8,N,1,MC,4498337.1,clear
34070,93_23,2023-04-02,19:26:00,gate 5,80722,normal,sunrise-sunset,run,0.8,1,Y,10168,NA,17.6,3.47,4.6,RSTR5,N,1,MC,1497269.24,clear
34064,93_23,2023-04-02,10:58:00,gate 1,17277,normal,sunrise-sunset,run,2.2,1,Y,10168,NA,15.5,2.95,99,RSTR5,D,1,EM,693023.94,cloudy
34068,93_23,2023-04-02,10:48:00,gate 8,16578,normal,sunrise-sunset,run,0.1,1,Y,10168,NA,14.3,2.49,6.3,RSTR5,D,1,WM,581536.65,clear
34066,93_23,2023-04-02,10:43:00,gate 6,88055,normal,sunrise-sunset,run,2.1,1,Y,10168,NA,14.1,4.23,5.6,RSTR8,D,1,MC,3237402.17,clear
34074,94_23,2023-04-03,10:35:00,gate 1,37323,normal,non-intensive,run,1.7,1,Y,9327,NA,11.9,2.75,99,RSTR5,NA,1.029166667,EM,1875524.52,clear
34078,94_23,2023-04-03,08:54:00,gate 7,20956,normal,non-intensive,run,0.7,1,Y,9327,NA,9.71,3.19,4.3,RSTR5,NA,1.026388889,MC,2334553.62,clear
34077,94_23,2023-04-03,08:09:00,gate 6,3911,normal,non-intensive,run,3.2,1,Y,9327,NA,11.5,3.59,5.6,RSTR8,NA,1.009027778,MC,7928787,clear
34075,94_23,2023-04-03,09:58:00,gate 5,95813,normal,non-intensive,run,0.9,1,Y,9327,NA,10.7,3.45,4.2,RSTR5,NA,1.027083333,MC,2523122.45,clear
34079,94_23,2023-04-03,09:22:00,gate 8,34539,normal,non-intensive,run,0.2,1,Y,9327,NA,11.5,3.1,5.4,RSTR5,NA,1.028472222,WM,2107270.76,clear
34083,95_23,2023-04-04,09:32:00,gate 7,32196,normal,non-intensive,run,0.2,1,Y,8382,NA,11.9,2.77,4.2,RSTR5,NA,0.984722222,MC,1944728.25,clear
34080,95_23,2023-04-04,11:17:00,gate 1,46643,normal,non-intensive,run,0.2,1,Y,8382,NA,12.3,2.57,99,RSTR5,NA,0.968055556,EM,1644306.6,clear
34084,95_23,2023-04-04,10:03:00,gate 8,44457,normal,non-intensive,run,0.2,1,Y,8382,NA,12.6,3,5.2,RSTR5,NA,0.983333333,WM,2099751.89,clear
34082,95_23,2023-04-04,08:22:00,gate 6,13620,normal,non-intensive,run,2.3,1,Y,8382,NA,12,3.17,5.6,RSTR8,NA,1.001388889,MC,6935371.68,clear
34081,95_23,2023-04-04,10:37:00,gate 5,9381,normal,non-intensive,run,0.6,1,Y,8382,NA,10.9,3.23,4.2,RSTR5,NA,0.974305556,MC,2085344,clear
34089,96_23,2023-04-05,09:10:00,gate 7,43049,normal,non-intensive,run,0.7,1,Y,7891,NA,14.3,3.37,4.3,RSTR5,NA,0.995833333,MC,2395495.17,cloudy
34090,96_23,2023-04-05,09:39:00,gate 8,53971,normal,non-intensive,run,0.2,1,Y,7891,NA,13.7,2.83,5,RSTR5,NA,0.99375,WM,1862650.37,cloudy
34086,96_23,2023-04-05,10:31:00,gate 1,56550,normal,non-intensive,run,1,1,Y,7891,NA,14.5,2.75,99,RSTR5,NA,0.988194444,EM,1795847.64,cloudy
34088,96_23,2023-04-05,08:24:00,gate 6,23013,normal,non-intensive,run,2.3,1,Y,7891,NA,12.7,3.61,5.5,RSTR8,NA,1,MC,7891254,cloudy
34087,96_23,2023-04-05,10:00:00,gate 5,22757,normal,non-intensive,run,0.7,1,Y,7891,NA,11.7,3.26,4.5,RSTR5,NA,0.99375,MC,2310674.95,cloudy
34093,97_23,2023-04-06,08:24:00,gate 6,32602,normal,non-intensive,run,2.8,1,Y,7831,NA,8.78,3.37,5.5,RSTR8,NA,1.036805556,MC,7848495.27,cloudy
34092,97_23,2023-04-06,09:51:00,gate 5,35782,normal,non-intensive,run,2.1,1,Y,7831,NA,6.92,3.33,4.5,RSTR5,NA,0.984722222,MC,2170366.55,cloudy
34091,97_23,2023-04-06,10:14:00,gate 1,66344,normal,non-intensive,run,1.3,1,Y,7831,NA,8.93,2.92,99,RSTR5,NA,1.015277778,EM,2114984.03,cloudy
34094,97_23,2023-04-06,09:09:00,gate 7,54172,normal,non-intensive,run,0.5,1,Y,7831,NA,8.46,3.43,4,RSTR5,NA,1.0375,MC,2533341.92,cloudy
34095,97_23,2023-04-06,09:30:00,gate 8,63749,normal,non-intensive,run,0.5,1,Y,7831,NA,10.5,3.03,5.4,RSTR5,NA,1.0375,WM,2238115.54,cloudy
34103,99_23,2023-04-08,08:50:00,gate 7,68813,normal,non-intensive,run,2.6,1,Y,11627,NA,29.1,2.94,4.9,RSTR5,NA,1.045138889,MC,2187113.17,clear
34100,99_23,2023-04-08,09:07:00,gate 1,76676,normal,non-intensive,run,6.5,1,Y,11627,NA,32.5,2.37,99,RSTR5,NA,1.106944444,EM,1737090.99,clear
34101,99_23,2023-04-08,09:00:00,gate 5,53032,normal,non-intensive,run,4.5,1,Y,11627,NA,29.6,3.58,4.8,RSTR5,NA,1.083333333,MC,2762691.75,clear
34102,99_23,2023-04-08,08:43:00,gate 6,43990,normal,non-intensive,run,12.5,1,Y,11627,NA,33.4,4.11,5.75,RSTR8,NA,1.015277778,MC,9601318.53,clear
34104,99_23,2023-04-08,08:55:00,gate 8,76954,normal,non-intensive,run,1.2,1,Y,11627,NA,24.2,3.27,5.8,RSTR5,NA,1.061805556,WM,2477191.9,clear
34106,100_23,2023-04-09,11:41:00,gate 1,87270,normal,non-intensive,run,4.5,1,Y,9975,NA,21.4,3.02,99,RSTR5,NA,0.959027778,EM,1915182.1,clear
34109,100_23,2023-04-09,09:55:00,gate 7,80913,normal,non-intensive,run,0.7,1,Y,9975,NA,22.4,3.08,4.8,RSTR5,NA,0.965277778,MC,1969316.49,clear
34110,100_23,2023-04-09,10:24:00,gate 8,88064,normal,non-intensive,run,0.4,1,Y,9975,NA,21.2,3.13,5.4,RSTR5,NA,0.964583333,WM,2000483.91,clear
34107,100_23,2023-04-09,11:00:00,gate 5,67348,normal,non-intensive,run,2,1,Y,9975,NA,20.1,2.96,4.2,RSTR5,NA,0.959027778,MC,1881663.19,clear
34108,100_23,2023-04-09,09:05:00,gate 6,54212,normal,non-intensive,run,3.1,1,Y,9975,NA,20.9,3.66,5.8,RSTR8,NA,0.979861111,MC,8061210.17,clear
34113,101_23,2023-04-10,08:36:00,gate 6,64535,normal,non-intensive,run,5.5,1,Y,9502,NA,27.7,3.36,5,RSTR8,NA,1.025694444,MC,7745401.03,clear
34114,101_23,2023-04-10,09:08:00,gate 7,93305,normal,non-intensive,run,0.7,1,Y,9502,NA,28.2,3.2,4.7,RSTR5,NA,1.0375,MC,2367913.43,clear
34115,101_23,2023-04-10,09:33:00,gate 8,99510,normal,non-intensive,run,0.3,1,Y,9502,NA,29.3,3.18,5.5,RSTR5,NA,1.040972222,WM,2188156.97,clear
34111,101_23,2023-04-10,10:42:00,gate 1,99204,normal,non-intensive,run,8.2,1,Y,9502,NA,27.6,2.92,99,RSTR5,NA,1.031944444,EM,2150168.34,clear
34112,101_23,2023-04-10,10:01:00,gate 5,82293,normal,non-intensive,run,2.7,1,Y,9502,NA,27.8,3.4,4.5,RSTR5,NA,1.040277778,MC,2522468.92,clear
34120,102_23,2023-04-11,10:02:00,gate 7,6145,normal,non-intensive,run,1.1,1,Y,10106,NA,43.5,3.19,5.8,RSTR5,NA,1.020833333,MC,2324210.63,clear
34121,102_23,2023-04-11,10:32:00,gate 8,1152,normal,non-intensive,run,0.6,1,Y,10106,NA,42,3.26,5.5,RSTR5,NA,1.017361111,WM,2194153.83,clear
34119,102_23,2023-04-11,09:13:00,gate 6,74741,normal,non-intensive,run,5.5,1,Y,10106,NA,50.5,3.74,5.8,RSTR8,NA,1.016666667,MC,8552716.99,clear
34118,102_23,2023-04-11,10:59:00,gate 5,97498,normal,non-intensive,run,2.7,1,Y,10106,NA,44.5,3.38,4.5,RSTR5,NA,1.026388889,MC,2657362.04,clear
34117,102.0_23,2023-04-11,11:28:00,gate 1,2728,normal,non-intensive,run,5,1,Y,10106,NA,51.1,3.02,99,RSTR5,NA,1.034722222,EM,2229634.59,clear
34124,103_23,2023-04-12,09:37:00,gate 6,84462,normal,non-intensive,run,3.7,1,Y,9809,NA,52.3,3.81,5.75,RSTR8,NA,0.95625,MC,8373806.46,clear
34126,103_23,2023-04-12,10:57:00,gate 8,2912,normal,non-intensive,run,0.3,1,Y,9809,NA,57.6,3.05,5,RSTR5,NA,0.953472222,WM,2071976.52,clear
34122,103_23,2023-04-12,12:18:00,gate 1,2729,normal,non-intensive,run,2.8,1,Y,9809,NA,54.9,2.87,99,RSTR5,NA,0.935416667,EM,1913567.73,clear
34123,103_23,2023-04-12,11:37:00,gate 5,11381,normal,non-intensive,run,1.5,1,Y,9809,NA,45.5,3.45,4.5,RSTR5,NA,0.938888889,MC,2146522.46,clear
34125,103_23,2023-04-12,10:32:00,gate 7,17937,normal,non-intensive,run,0.4,1,Y,9809,NA,49.1,3.31,4.8,RSTR5,NA,0.950694444,MC,2085071.34,clear
34131,104_23,2023-04-13,09:50:00,gate 8,32728,normal,non-intensive,run,0.1,1,Y,8943,NA,27.1,3.09,5.2,RSTR5,NA,1.023611111,WM,2251762.37,clear
34127,104_23,2023-04-13,10:45:00,gate 1,14818,normal,non-intensive,run,1.3,1,Y,8943,NA,24.3,2.97,99,RSTR5,NA,1.038888889,EM,2040913.91,clear
34130,104_23,2023-04-13,09:21:00,gate 7,29947,normal,non-intensive,run,0.4,1,Y,8943,NA,34.8,3.08,4.4,RSTR5,NA,1.031944444,MC,2267853.46,clear
34128,104_23,2023-04-13,10:09:00,gate 5,26236,normal,non-intensive,run,1.4,1,Y,8943,NA,37,3.33,4.3,RSTR5,NA,1.051388889,MC,2492921.01,clear
34129,104_23,2023-04-13,08:34:00,gate 6,94464,normal,non-intensive,run,3.4,1,Y,8943,NA,33.2,3.37,5.6,RSTR8,NA,1.014583333,MC,7854442.03,clear
34133,105_23,2023-04-14,11:23:00,gate 5,38763,normal,non-intensive,run,1,1,Y,8338,NA,15.3,3.19,4.2,RSTR5,NA,0.921527778,MC,1946410.56,clear
34134,105_23,2023-04-14,08:55:00,gate 6,3752,normal,non-intensive,run,4.1,1,Y,8338,NA,16.4,3.68,5.4,RSTR8,NA,0.977083333,MC,7870200.56,clear
34136,105_23,2023-04-14,10:07:00,gate 7,40452,normal,non-intensive,run,0.4,1,Y,8338,NA,15,3.21,4.5,RSTR5,NA,0.946527778,MC,2167458.51,clear
34137,105_23,2023-04-14,10:24:00,gate 8,42044,normal,non-intensive,run,0.3,1,Y,8338,NA,20.1,2.89,5.3,RSTR5,NA,0.941666667,WM,1798917.6,clear
34132,105_23,2023-04-14,11:41:00,gate 1,24957,normal,non-intensive,run,0.9,1,Y,8338,NA,19.5,2.7,99,RSTR5,NA,0.920833333,EM,1644698.13,clear
34142,106_23,2023-04-15,09:00:00,gate 8,52004,normal,non-intensive,run,0.2,1,Y,8113,NA,19.6,2.89,5.2,RSTR5,NA,1.032638889,WM,1977634.92,clear
34139,106_23,2023-04-15,09:30:00,gate 5,52360,normal,non-intensive,run,1.6,1,Y,8113,NA,19.4,3.08,4.1,RSTR5,NA,1.022222222,MC,2241224.43,clear
34140,106_23,2023-04-15,08:22:00,gate 6,13222,normal,non-intensive,run,3.6,1,Y,8113,NA,20.5,3.65,5.4,RSTR8,NA,1.013194444,MC,8077804.21,clear
34141,106_23,2023-04-15,08:50:00,gate 7,51494,normal,non-intensive,run,0.4,1,Y,8113,NA,19.9,3.1,4.5,RSTR5,NA,1.020138889,MC,2255448.79,clear
34138,106_23,2023-04-15,09:47:00,gate 1,35666,normal,non-intensive,run,1.6,1,Y,8113,NA,22.7,2.68,99,RSTR5,NA,1.030555556,EM,1826694.68,clear
34143,107_23,2023-04-16,10:31:00,gate 1,45747,normal,non-intensive,run,1,1,Y,8067,NA,22.6,2.57,99,RSTR5,NA,1.022916667,EM,1738991.91,cloudy
34146,107_23,2023-04-16,09:19:00,gate 7,62563,normal,non-intensive,run,1.2,1,Y,8067,NA,22,3.08,4.3,RSTR5,NA,1.032638889,MC,2264826,cloudy
34144,107_23,2023-04-16,10:02:00,gate 5,65924,normal,non-intensive,run,1.8,1,Y,8067,NA,25.1,3.2,4.3,RSTR5,NA,1.029166667,MC,2181905.84,cloudy
34145,107_23,2023-04-16,08:41:00,gate 6,22909,normal,non-intensive,run,3.8,1,Y,8067,NA,19.6,3.82,5.3,RSTR8,NA,1.044444444,MC,8722767,cloudy
34147,107_23,2023-04-16,09:47:00,gate 8,61859,normal,non-intensive,run,0.2,1,Y,8067,NA,20.8,2.87,5.4,RSTR5,NA,1.027777778,WM,1951368.88,cloudy
34154,108_23,2023-04-17,10:27:00,gate 8,70520,normal,non-intensive,run,0.3,1,Y,7933,NA,14.2,2.81,5,RSTR5,NA,0.930555556,WM,1862742.14,clear
34152,108_23,2023-04-17,09:45:00,gate 6,31471,normal,non-intensive,run,2.6,1,Y,7933,NA,14.4,3.22,5.4,RSTR8,NA,0.93125,MC,6551381.71,clear
34151,108_23,2023-04-17,10:44:00,gate 5,78207,normal,non-intensive,run,1,1,Y,7933,NA,15.2,3.15,4.2,RSTR5,NA,0.934027778,MC,2255303.18,clear
34153,108_23,2023-04-17,10:06:00,gate 7,72467,normal,non-intensive,run,0.4,1,Y,7933,NA,15.6,3.1,4.5,RSTR5,NA,0.933333333,MC,2059155,clear
34150,108_23,2023-04-17,11:04:00,gate 1,54561,normal,non-intensive,run,0.5,1,Y,7933,NA,18.4,2.53,99,RSTR5,NA,0.936111111,EM,1685752.46,clear
34158,109_23,2023-04-18,08:30:00,gate 7,83057,normal,non-intensive,run,0.3,1,Y,7520,NA,11.9,3,4.2,RSTR5,NA,1.017361111,MC,2019159.08,clear
34159,109_23,2023-04-18,08:47:00,gate 8,74363,normal,non-intensive,run,0.2,1,Y,7520,NA,10.4,2.74,4.9,RSTR5,NA,1.018055556,WM,1847655.65,clear
34155,109_23,2023-04-18,09:32:00,gate 1,62702,normal,non-intensive,run,0.7,1,Y,7520,NA,11.8,2.42,99,RSTR5,NA,1.009722222,EM,1615793.12,clear
34157,109_23,2023-04-18,08:06:00,gate 6,40650,normal,non-intensive,run,2.1,1,Y,7520,NA,9.35,3.46,5.3,RSTR8,NA,1.018055556,MC,7905326.46,clear
34156,109_23,2023-04-18,09:09:00,gate 5,91288,normal,non-intensive,run,0.9,1,Y,7520,NA,10.7,3.46,3.8,RSTR5,NA,1.015277778,MC,2326687.62,clear
34162,110_23,2023-04-19,08:32:00,gate 6,49339,normal,non-intensive,run,2.3,1,Y,7183,NA,10.9,3.22,5.2,RSTR8,NA,0.995833333,MC,6805690.91,clear
34161,110_23,2023-04-19,09:31:00,gate 5,3844,normal,non-intensive,run,0.3,1,Y,7183,NA,13.7,3.38,4,RSTR5,NA,1.002083333,MC,2244484.24,clear
34163,110_23,2023-04-19,08:55:00,gate 7,93205,normal,non-intensive,run,0.2,1,Y,7183,NA,11.6,3.16,4.1,RSTR5,NA,1.00625,MC,2107153.5,clear
34160,110_23,2023-04-19,09:46:00,gate 1,67165,not rotating,non-intensive,run,0.1,1,Y,7183,NA,12.3,2.11,99,RSTR5,NA,1.006944444,EM,1403207.99,clear
34164,110_23,2023-04-19,09:13:00,gate 8,74363,normal,non-intensive,run,0.2,1,Y,7183,NA,10.8,2.66,4.6,RSTR5,NA,1.001388889,WM,1760451.33,clear
34167,111_23,2023-04-20,08:26:00,gate 6,58004,normal,non-intensive,run,2,1,Y,6856,NA,9.7,3.02,5,RSTR8,NA,1.007638889,MC,6474692.92,clear
34166,111_23,2023-04-20,09:34:00,gate 5,16241,normal,non-intensive,run,0.7,1,Y,6856,NA,9.9,3.43,3.5,RSTR5,NA,1.008333333,MC,2286071.76,clear
34169,111_23,2023-04-20,09:15:00,gate 8,82953,normal,non-intensive,run,0.2,1,Y,6856,NA,11.2,2.62,4.8,RSTR5,NA,1.009722222,WM,1750362.19,clear
34168,111_23,2023-04-20,09:04:00,gate 7,3113,normal,non-intensive,run,0.3,1,Y,6856,NA,9.75,3.03,3.9,RSTR5,NA,1.00625,MC,2017810.25,clear
34165,111_23,2023-04-20,09:56:00,gate 1,73391,normal,non-intensive,run,0.3,1,Y,6856,NA,11,1.92,99,RSTR5,NA,1.005555556,EM,1274875.33,clear
34174,112_23,2023-04-21,09:29:00,gate 8,91921,normal,non-intensive,run,0.2,1,Y,7532,NA,14.3,2.89,4.8,RSTR5,NA,0.98125,WM,1876917.67,clear
34173,112_23,2023-04-21,09:13:00,gate 7,13258,normal,non-intensive,run,0.3,1,Y,7532,NA,15.9,2.98,4.2,RSTR5,NA,0.981944444,MC,1937167.27,clear
34172,112_23,2023-04-21,08:37:00,gate 6,66694,normal,non-intensive,run,1.8,1,Y,7532,NA,14.2,3.36,5.4,RSTR8,NA,0.983333333,MC,7214129.54,clear
34171,112_23,2023-04-21,09:46:00,gate 5,28897,normal,non-intensive,run,1.2,1,Y,7532,NA,14.3,3.42,4,RSTR5,NA,0.985416667,MC,2402402.92,clear
34170,112_23,2023-04-21,10:04:00,gate 1,81240,normal,non-intensive,run,0.4,1,Y,7532,NA,13.2,2.64,99,RSTR5,NA,0.990277778,EM,1729274.88,clear
34175,113_23,2023-04-22,09:50:00,gate 1,90131,normal,non-intensive,run,1,1,Y,8216,NA,13.9,2.68,99,RSTR5,NA,1.05,EM,1860027.4,clear
34178,113_23,2023-04-22,08:47:00,gate 7,24719,normal,non-intensive,run,0.7,1,Y,8216,NA,17.2,3.09,4.4,RSTR5,NA,1.045833333,MC,2138507.42,clear
34177,113_23,2023-04-22,08:13:00,gate 6,76226,normal,non-intensive,run,3.5,1,Y,8216,NA,12.7,3.36,5.6,RSTR8,NA,1.029166667,MC,7568632.18,clear
34176,113_23,2023-04-22,09:25:00,gate 5,43112,normal,non-intensive,run,1.7,1,Y,8216,NA,16.8,2.83,4.1,RSTR5,NA,1.052083333,MC,1970947.2,clear
34179,113_23,2023-04-22,09:02:00,gate 8,2513,normal,non-intensive,run,0.4,1,Y,8216,NA,13.2,3.04,5.2,RSTR5,NA,1.05,WM,2272735.68,clear
34184,114_23,2023-04-23,10:14:00,gate 8,11385,normal,non-intensive,run,0.3,1,Y,8513,NA,26.1,3,5.3,RSTR5,NA,0.850694444,WM,1817760.66,clear
34181,114_23,2023-04-23,10:40:00,gate 5,54688,normal,non-intensive,run,2.5,1,Y,8513,NA,26.6,3.27,4,RSTR5,NA,0.844444444,MC,1966447.56,clear
34180,114_23,2023-04-23,11:02:00,gate 1,97555,normal,non-intensive,run,3.6,1,Y,8513,NA,25.2,2.83,99,RSTR5,NA,0.843055556,EM,1578952.83,clear
34182,114_23,2023-04-23,08:55:00,gate 6,84575,normal,non-intensive,run,4.6,1,Y,8513,NA,25.7,2.95,5.8,RSTR8,NA,0.8875,MC,5568911.84,clear
34183,114_23,2023-04-23,09:53:00,gate 7,34371,normal,non-intensive,run,0.5,1,Y,8513,NA,26.9,3.08,4.1,RSTR5,NA,0.860416667,MC,1753556.58,clear
34187,115_23,2023-04-24,06:13:00,gate 6,85890,normal,intensive (Storm/Mort),run,0.7,1,Y,10834,NA,23.2,3.59,5.2,RSTR8,D1,0.246,MC,1101755.92,clear
34189,115_23,2023-04-24,06:39:00,gate 8,12731,normal,intensive (Storm/Mort),run,0.1,1,Y,10834,NA,18,3,5.1,RSTR5,D1,0.23,WM,260777.79,clear
34186,115_23,2023-04-24,06:56:00,gate 5,56416,normal,intensive (Storm/Mort),run,0.2,1,Y,10834,NA,22.4,3.43,4,RSTR5,D1,0.221,MC,286739.12,clear
34185,115_23,2023-04-24,07:16:00,gate 1,98792,normal,intensive (Storm/Mort),run,0.1,1,Y,10834,NA,24.3,2.8,99,RSTR5,D1,0.206,EM,217528.03,clear
34188,115_23,2023-04-24,06:32:00,gate 7,35869,normal,intensive (Storm/Mort),run,0.2,1,Y,10834,NA,19,3.19,4.4,RSTR5,D1,0.231,MC,278916.49,clear
34191,115_23,2023-04-25,03:53:00,gate 5,57799,normal,intensive (Storm/Mort),run,0.6,1,Y,10834,NA,44.3,3.37,4.9,RSTR5,N4,0.163,MC,180916.55,clear
34193,115.0_23,2023-04-25,03:48:00,gate 6,NA,NA,intensive (Storm/Mort),run,NA,1,NA,10834,NA,40.1,3.64,6.3,RSTR8,N4,0.149,MC,522820.09,clear
34195,115_23,2023-04-25,03:37:00,gate 8,14586,normal,intensive (Storm/Mort),run,0.1,1,Y,10834,NA,36.5,3.36,6,RSTR5,N4,0.259,WM,265888.45,clear
34194,115_23,2023-04-25,03:41:00,gate 7,37508,normal,intensive (Storm/Mort),run,0.2,1,Y,10834,NA,41.4,2.92,5.2,RSTR5,N4,0.201,MC,179195.73,clear
34190,115_23,2023-04-25,03:59:00,gate 1,99667,normal,intensive (Storm/Mort),run,0.3,1,Y,10834,NA,39.2,2.26,99,RSTR5,N4,0.212,EM,146557.81,clear
34198,121_23,2023-04-30,05:53:00,gate 6,88158,normal,intensive (Storm/Mort),run,1,0.5,Y,13383,NA,27.2,4.52,6.3,RSTR8,D1,0.241,MC,1425248.37,clear
34204,121_23,2023-04-30,19:55:00,gate 7,42394,normal,intensive (Storm/Mort),run,0.7,1,Y,13383,NA,21.8,3.26,5.8,RSTR5,N1,0.274,MC,266367.61,cloudy
34205,121_23,2023-04-30,19:59:00,gate 8,19004,normal,intensive (Storm/Mort),run,0.6,1,Y,13383,NA,25.1,3.23,6.3,RSTR5,N1,0.279,WM,249337.06,cloudy
34199,121_23,2023-04-30,05:59:00,gate 7,39824,normal,intensive (Storm/Mort),run,0.1,1,Y,13383,NA,30.4,3.97,5.5,RSTR5,D1,0.241,MC,397414.42,clear
34197,121_23,2023-04-30,06:07:00,gate 5,61975,normal,intensive (Storm/Mort),run,0.4,1,Y,13383,NA,26.5,3.86,4.8,RSTR5,D1,0.25,MC,399206.98,clear
34201,121_23,2023-04-30,20:08:00,gate 1,1151,not rotating,intensive (Storm/Mort),run,0.3,1,Y,13383,NA,22,1.97,99,RSTR5,N1,0.277,EM,150995.93,cloudy
34203,121_23,2023-04-30,19:52:00,gate 6,90179,normal,intensive (Storm/Mort),run,2.2,0.5,Y,13383,NA,27.1,3.63,6.5,RSTR8,N1,0.269,MC,916778.96,cloudy
34196,121_23,2023-04-30,06:12:00,gate 1,894,normal,intensive (Storm/Mort),run,0.7,1,Y,13383,NA,27.1,2.53,99,RSTR5,D1,0.257,EM,250135.29,clear
34200,121_23,2023-04-30,06:03:00,gate 8,16693,normal,intensive (Storm/Mort),run,0.2,1,Y,13383,NA,36.2,3.47,5.8,RSTR5,D1,0.246,WM,353653.2,clear
34202,121_23,2023-04-30,20:03:00,gate 5,64142,normal,intensive (Storm/Mort),run,1.9,1,Y,13383,NA,24.9,3.36,5.1,RSTR5,N1,0.242,MC,243069.75,cloudy
34278,133_23,2023-05-12,10:41:00,gate 8,40703,normal,non-intensive,run,0.8,1,Y,14988,NA,5.31,3.5,7,RSTR5,NA,0.971527778,WM,2420882.06,clear
34287,134_23,2023-05-13,09:22:00,gate 7,97836,normal,non-intensive,run,2.1,1,Y,15159,NA,9.29,4.31,6.2,RSTR5,NA,1.021527778,MC,3139548.86,clear
34279,135_23,2023-05-14,11:39:00,gate 1,90029,normal,non-intensive,run,2,1,Y,15386,NA,13.8,2.35,99,RSTR5,NA,0.974305556,EM,1514752.75,clear
34232,125_23,2023-05-04,10:24:00,gate 8,63155,normal,non-intensive,run,2.6,1,Y,14680,NA,10.4,3.35,4.5,RSTR5,NA,0.94375,WM,2252988.42,cloudy
34281,135_23,2023-05-14,08:28:00,gate 6,84330,normal,non-intensive,run,10.9,1,Y,15386,NA,11.5,4.45,7.3,RSTR8,NA,0.993055556,MC,10158311.53,clear
34282,135_23,2023-05-14,09:53:00,gate 7,14005,normal,non-intensive,run,1.8,1,Y,15386,NA,12.3,3.65,6.1,RSTR5,NA,1.002777778,MC,2610817.06,clear
34283,135_23,2023-05-14,10:24:00,gate 8,68270,normal,non-intensive,run,2.5,1,Y,15386,NA,10.5,3.66,7,RSTR5,NA,1.000694444,WM,2422933.77,clear
34284,134_23,2023-05-13,11:54:00,gate 1,81380,not rotating,non-intensive,run,1.5,1,Y,15159,NA,14,2.81,99,RSTR5,NA,0.989583333,EM,1838153.99,clear
34224,124_23,2023-05-03,13:31:00,gate 6,15573,normal,non-intensive,run,4.1,0.5,Y,13255,NA,12.1,4.28,5.8,RSTR8,NA,0.806944444,MC,7756175.7,cloudy
34266,131_23,2023-05-10,12:16:00,gate 6,39286,normal,non-intensive,run,5.4,0.5,Y,15622,NA,6.45,4.16,7.7,RSTR8,NA,0.846527778,MC,7902581.96,clear
34275,133_23,2023-05-12,09:03:00,gate 5,10614,normal,non-intensive,run,2.8,1,Y,14988,NA,7.64,3.34,6.2,RSTR5,NA,1.086805556,MC,2776195.83,clear
34225,124_23,2023-05-03,13:47:00,gate 7,75649,normal,non-intensive,run,1.1,1,Y,13255,NA,11.4,3.81,5.5,RSTR5,NA,0.835416667,MC,2270172.05,cloudy
34213,123_23,2023-05-02,11:27:00,gate 1,11971,normal,non-intensive,run,3.2,1,Y,13684,NA,17.7,2.68,99,RSTR5,NA,0.924305556,EM,1638079.07,clear
34214,123_23,2023-05-02,11:23:00,gate 5,83903,normal,non-intensive,run,4.5,1,Y,13684,NA,12.3,3.99,5,RSTR5,NA,0.872222222,MC,2855808.43,clear
34215,123_23,2023-05-02,11:06:00,gate 6,4039,normal,non-intensive,run,11.8,1,Y,13684,NA,20.4,4.5,6.3,RSTR8,NA,0.886111111,MC,9165080.54,clear
34216,123_23,2023-05-02,11:11:00,gate 7,60577,normal,non-intensive,run,2,1,Y,13684,NA,12.6,3.34,5.7,RSTR5,NA,0.904861111,MC,2313245.22,clear
34217,123_23,2023-05-02,11:15:00,gate 8,36261,normal,non-intensive,run,1.6,1,Y,13684,NA,16.1,3.5,6.2,RSTR5,NA,0.913194444,WM,2276528.82,clear
34222,124_23,2023-05-03,14:40:00,gate 1,21437,normal,non-intensive,run,2.9,1,Y,13255,NA,14.4,2.5,99,RSTR5,NA,0.878472222,EM,1455108.06,cloudy
34295,137_23,2023-05-16,08:34:00,gate 5,75726,normal,non-intensive,run,3.1,1,Y,15305,NA,13.5,3.55,6.5,RSTR5,NA,1.011111111,MC,2559375,clear
34285,134_23,2023-05-13,11:08:00,gate 5,28294,normal,non-intensive,run,3,1,Y,15159,NA,9.62,3.17,5.8,RSTR5,NA,0.997222222,MC,2422674.24,clear
34352,147_23,2023-05-26,09:48:00,gate 8,29381,normal,non-intensive,run,0.4,1,Y,12291,NA,9.42,3.36,6.2,RSTR5,NA,1.059722222,WM,2535493.67,clear
34342,146_23,2023-05-25,09:42:00,gate 5,21112,normal,non-intensive,run,1.6,1,Y,12617,NA,6.42,3.63,5.5,RSTR5,NA,1.03125,MC,2666345.21,clear
34343,146_23,2023-05-25,08:31:00,gate 6,5471,normal,non-intensive,run,1.7,0.5,Y,12617,NA,6.64,4.05,6.2,RSTR8,NA,0.995833333,MC,9060850.89,clear
34344,146_23,2023-05-25,10:28:00,gate 7,85855,normal,non-intensive,run,1.2,1,Y,12617,NA,5.81,3.39,5.5,RSTR5,NA,0.945138889,MC,2282533.5,clear
34357,149_23,2023-05-28,10:01:00,gate 5,71533,normal,non-intensive,run,3.5,1,Y,12761,NA,9.41,3.79,5.7,RSTR5,NA,1.023611111,MC,3179397.48,clear
34346,147_23,2023-05-26,11:15:00,gate 1,99796,normal,non-intensive,run,1,1,Y,12291,NA,10.4,2.81,99,RSTR5,NA,1.015972222,EM,1886235.51,clear
34337,145_23,2023-05-24,12:11:00,gate 5,3560,normal,non-intensive,run,2.5,1,Y,12952,NA,6.44,3.48,5.6,RSTR5,NA,0.896527778,MC,2390343.28,clear
34348,147_23,2023-05-26,08:25:00,gate 6,16256,normal,non-intensive,run,4,0.5,Y,12291,NA,11.3,3.53,6.8,RSTR8,NA,1.00625,MC,7971571.65,clear
34349,148_23,2023-05-27,11:38:00,gate 1,11506,normal,non-intensive,run,4,1,Y,12673,NA,6.84,2.57,99,RSTR5,NA,1.050694444,EM,1790029.32,clear
34277,133_23,2023-05-12,09:41:00,gate 7,81193,normal,non-intensive,run,1.5,1,Y,14988,NA,8.71,3.81,6.1,RSTR5,NA,0.986805556,MC,2680294.64,clear
34351,147_23,2023-05-26,09:09:00,gate 7,988,normal,non-intensive,run,0.8,1,Y,12291,NA,12,3.38,5.6,RSTR5,NA,1.063888889,MC,2560905.56,clear
34276,133_23,2023-05-12,08:11:00,gate 6,61997,normal,non-intensive,run,3.9,0.5,Y,14988,NA,5.45,4.4,7.2,RSTR8,NA,1.013888889,MC,10022000.07,clear
34353,148_23,2023-05-27,08:34:00,gate 6,21513,normal,non-intensive,run,4,0.5,Y,12673,NA,5.16,4.03,6.8,RSTR8,NA,1.005555556,MC,9110723.73,cloudy
34354,148_23,2023-05-27,10:41:00,gate 7,14989,normal,non-intensive,run,1.3,1,Y,12673,NA,5.59,3.49,5.6,RSTR5,NA,1.009722222,MC,2511285.19,clear
34306,140_23,2023-05-19,10:56:00,gate 8,35975,normal,non-intensive,run,0.9,1,Y,15054,NA,16,3.57,7.2,RSTR5,NA,0.965277778,WM,2454278.88,clear
34280,135_23,2023-05-14,11:04:00,gate 5,39975,normal,non-intensive,run,2.6,1,Y,15386,NA,10.6,3.41,6,RSTR5,NA,0.921527778,MC,2237422.81,clear
34244,129_23,2023-05-08,08:50:00,gate 6,19506,normal,non-intensive,run,14.7,1,Y,16648,NA,11.3,4.46,7.6,RSTR8,NA,0.979166667,MC,10265688,clear
34245,129_23,2023-05-08,13:05:00,gate 7,15051,normal,non-intensive,run,2.3,1,Y,16648,NA,10.7,3.43,6.2,RSTR5,NA,0.804861111,MC,2264335.95,clear
34274,133_23,2023-05-12,11:04:00,gate 1,6676,normal,non-intensive,run,2.6,1,Y,14988,NA,6.57,2.69,99,RSTR5,NA,1.034722222,EM,1840543.12,clear
34242,129_23,2023-05-08,09:05:00,gate 1,40796,normal,non-intensive,run,1.1,1,Y,16648,NA,13.7,2.56,99,RSTR5,NA,1.022916667,EM,1732096.35,clear
34350,148_23,2023-05-27,09:48:00,gate 5,54104,normal,non-intensive,run,3,1,Y,12673,NA,4.17,3.41,5.4,RSTR5,NA,1.009027778,MC,2817114.81,clear
34294,137_23,2023-05-16,10:25:00,gate 1,18089,normal,non-intensive,run,1,1,Y,15305,NA,18.9,2.9,99,RSTR5,NA,0.998611111,EM,1918964.62,clear
34303,140_23,2023-05-19,08:41:00,gate 6,40656,normal,non-intensive,run,9.3,1,Y,15054,NA,16.6,4.62,7,RSTR8,NA,0.997916667,MC,10346310.19,clear
34304,138_23,2023-05-17,08:50:00,gate 5,94491,normal,non-intensive,run,2.5,1,Y,15079,NA,12.9,3.45,5.5,RSTR5,NA,1.081944444,MC,2660212.51,clear
34270,132_23,2023-05-11,11:05:00,gate 5,91798,normal,non-intensive,run,2.3,1,Y,15376,NA,6.57,3.08,7,RSTR5,NA,0.915277778,MC,1868534.43,clear
34297,137_23,2023-05-16,09:14:00,gate 7,45690,normal,non-intensive,run,1.2,1,Y,15305,NA,12.1,3.74,6,RSTR5,NA,1.015277778,MC,2902946.6,clear
34289,136_23,2023-05-15,11:02:00,gate 1,8658,normal,non-intensive,run,2.1,1,Y,15378,NA,23.4,2.69,99,RSTR5,NA,0.974305556,EM,1736094.02,clear
34290,136_23,2023-05-15,09:11:00,gate 5,57307,normal,non-intensive,run,3.4,1,Y,15378,NA,26.1,3.1,6,RSTR5,NA,0.974305556,MC,2314356.46,clear
34291,136_23,2023-05-15,08:18:00,gate 6,95895,normal,non-intensive,run,11.8,1,Y,15378,NA,22.5,4.46,7.25,RSTR8,NA,1.025694444,MC,10514618.73,clear
34243,129_23,2023-05-08,08:54:00,gate 5,44405,normal,non-intensive,run,5.4,1,Y,16648,NA,10.2,3.31,5.8,RSTR5,NA,0.964583333,MC,2614967.79,clear
34293,136_23,2023-05-15,10:25:00,gate 8,81534,normal,non-intensive,run,0.9,1,Y,15378,NA,19.8,3.59,7,RSTR5,NA,0.976388889,WM,2318799.31,clear
34301,140_23,2023-05-19,09:58:00,gate 5,30353,normal,non-intensive,run,3.4,1,Y,15054,NA,14.4,3.5,6,RSTR5,NA,1.05625,MC,2632885.3,clear
34263,130_23,2023-05-09,08:55:00,gate 8,99428,normal,non-intensive,run,0.9,1,Y,16420,NA,9.15,3.26,7,RSTR5,NA,1.05625,WM,2451614.34,clear
34296,137_23,2023-05-16,08:55:00,gate 6,7046,normal,non-intensive,run,7.2,1,Y,15305,NA,11.4,4.25,7,RSTR8,NA,0.999305556,MC,9551255.29,clear
34305,140_23,2023-05-19,10:27:00,gate 7,94063,normal,non-intensive,run,1.6,1,Y,15054,NA,15.6,3.45,6.4,RSTR5,NA,1.013194444,MC,2490111.33,clear
34298,137_23,2023-05-16,09:51:00,gate 8,95707,normal,non-intensive,run,0.9,1,Y,15305,NA,12.4,3.63,5.5,RSTR5,NA,1.0375,WM,2495264.67,clear
34299,140_23,2023-05-19,11:11:00,gate 1,32035,normal,non-intensive,run,1.8,1,Y,15054,NA,19,2.66,99,RSTR5,NA,1.041666667,EM,1977516.86,clear
34246,129_23,2023-05-08,09:08:00,gate 8,84610,normal,non-intensive,run,2.2,1,Y,16648,NA,10.9,3.67,7.3,RSTR5,NA,0.990972222,WM,2592691.56,clear
34247,130_23,2023-05-09,09:38:00,gate 1,48376,normal,non-intensive,run,0.8,1,Y,16420,NA,6.2,2.37,99,RSTR5,NA,0.971527778,EM,1526542.63,clear
34260,130_23,2023-05-09,08:03:00,gate 5,57265,normal,non-intensive,run,2.5,1,Y,16420,NA,7.8,3.24,6.4,RSTR5,NA,1.061805556,MC,2821930.72,clear
34292,136_23,2023-05-15,09:57:00,gate 7,29329,normal,non-intensive,run,1.6,1,Y,15378,NA,24.1,3.68,6,RSTR5,NA,0.970138889,MC,2544050.22,clear
34375,152_23,2023-05-31,10:03:00,gate 8,92353,normal,non-intensive,run,0.4,1,Y,11596,NA,5.19,3.41,5.9,RSTR5,NA,1.053472222,WM,2558336.12,clear
34226,124_23,2023-05-03,09:10:00,gate 8,50226,normal,non-intensive,run,1.1,1,Y,13255,NA,13.5,3.69,6.2,RSTR5,NA,1.051388889,WM,2763272.65,cloudy
34227,125_23,2023-05-04,11:45:00,gate 1,28905,normal,non-intensive,run,4.5,1,Y,14680,NA,16.6,2.59,99,RSTR5,NA,0.909722222,EM,1561090.58,cloudy
34228,125_23,2023-05-04,11:01:00,gate 5,15269,normal,non-intensive,run,16,1,Y,14680,NA,10.6,3.14,5.8,RSTR5,NA,0.9,MC,2315694,cloudy
34230,125.0_23,2023-05-04,08:53:00,gate 6,NA,not rotating,non-intensive,run,NA,0.5,N,14680,NA,16,NA,NA,RSTR8,NA,0.629861111,MC,NA,cloudy
34231,125_23,2023-05-04,09:50:00,gate 7,90894,normal,non-intensive,run,4.1,1,Y,14680,NA,12.2,3.8,6,RSTR5,NA,0.9375,MC,2920064.13,cloudy
34288,134_23,2023-05-13,10:00:00,gate 8,54652,normal,non-intensive,run,1.3,1,Y,15159,NA,8.66,3.62,6.7,RSTR5,NA,1.016666667,WM,2623798.92,clear
34223,124_23,2023-05-03,14:30:00,gate 5,30,normal,non-intensive,run,3.1,1,Y,13255,NA,16.3,3.75,5.2,RSTR5,NA,0.854861111,MC,2453137.45,cloudy
34272,132_23,2023-05-11,09:41:00,gate 7,65468,normal,non-intensive,run,1.3,1,Y,15376,NA,7.89,3.73,5,RSTR5,NA,1.004166667,MC,2667950.27,clear
34302,138_23,2023-05-17,08:54:00,gate 6,18222,normal,non-intensive,run,8,1,Y,15079,NA,14,4.84,7,RSTR8,NA,0.999305556,MC,10859345.06,clear
34265,131_23,2023-05-10,09:14:00,gate 5,75713,normal,non-intensive,run,4,1,Y,15622,NA,5.99,2.9,6.2,RSTR5,NA,1.077083333,MC,2228562.18,clear
34300,138_23,2023-05-17,10:23:00,gate 1,21878,normal,non-intensive,run,2.7,1,Y,15079,NA,15.8,3.05,99,RSTR5,NA,1.039583333,EM,2096499.7,clear
34267,131_23,2023-05-10,09:08:00,gate 7,49136,normal,non-intensive,run,1.3,1,Y,15622,NA,5.22,3.4,6.1,RSTR5,NA,1.022916667,MC,2479879.28,clear
34268,131_23,2023-05-10,10:16:00,gate 8,13287,normal,non-intensive,run,1,1,Y,15622,NA,5.23,3.66,7,RSTR5,NA,1.001388889,WM,2422630.15,clear
34269,132_23,2023-05-11,11:56:00,gate 1,66741,normal,non-intensive,run,2.1,1,Y,15376,NA,6.74,2.51,99,RSTR5,NA,0.963888889,EM,1603363.89,clear
34262,130_23,2023-05-09,08:24:00,gate 7,32440,normal,non-intensive,run,2.6,1,Y,16420,NA,11.3,3.14,6,RSTR5,NA,1.030555556,MC,2654630.67,clear
34271,132_23,2023-05-11,08:35:00,gate 6,50562,normal,non-intensive,run,3.9,0.5,Y,15376,NA,7.05,4.4,8,RSTR8,NA,0.983333333,MC,9454203.18,clear
34261,130_23,2023-05-09,08:20:00,gate 6,29693,normal,non-intensive,run,6,0.5,Y,16420,NA,7.72,4.8,7.4,RSTR8,NA,1.034722222,MC,11676200.16,clear
34273,132_23,2023-05-11,10:18:00,gate 8,27311,normal,non-intensive,run,1.2,1,Y,15376,NA,8.52,3.4,6.5,RSTR5,NA,1.015972222,WM,2289448.26,clear
34339,145_23,2023-05-24,10:30:00,gate 7,71640,normal,non-intensive,run,1.3,1,Y,12952,NA,7.54,3.94,5.5,RSTR5,NA,0.998611111,MC,2802893.43,clear
34286,134_23,2023-05-13,08:31:00,gate 6,73096,normal,non-intensive,run,7.8,1,Y,15159,NA,10.4,4.58,7.5,RSTR8,NA,0.997916667,MC,10263964.1,clear
34328,143_23,2023-05-22,09:05:00,gate 6,73826,normal,non-intensive,run,3.5,0.5,Y,15525,NA,11,4.33,6.5,RSTR8,NA,0.988194444,MC,9618854.3,clear
34211,122_23,2023-05-01,22:29:00,gate 1,3515,normal,intensive (Storm/Mort),run,0.6,1,Y,13688,NA,27.6,2.91,99,RSTR5,N2,0.295,EM,236793.96,cloudy
34210,122_23,2023-05-01,13:02:00,gate 8,21839,normal,intensive (Storm/Mort),run,0.2,1,Y,13688,NA,26.3,3.43,6.2,RSTR5,D3,0.241,WM,343169.85,cloudy
34218,122_23,2023-05-01,22:20:00,gate 5,69500,normal,intensive (Storm/Mort),run,0.7,1,Y,13688,NA,21.6,3.22,5.3,RSTR5,N2,0.261,MC,268804.28,clear
34219,122_23,2023-05-01,22:15:00,gate 6,94026,normal,intensive (Storm/Mort),run,3,1,Y,13688,NA,19,4.39,5,RSTR8,N2,0.25,MC,1026457.98,cloudy
34220,122_23,2023-05-01,22:22:00,gate 7,47640,normal,intensive (Storm/Mort),run,0.4,1,Y,13688,NA,23.2,3.29,5,RSTR5,N2,0.275,MC,288761.44,cloudy
34221,122_23,2023-05-01,22:25:00,gate 8,24084,normal,intensive (Storm/Mort),run,0.2,1,Y,13688,NA,21.6,3.58,5.9,RSTR5,N2,0.288,WM,303096.11,cloudy
34208,122_23,2023-05-01,12:56:00,gate 6,92422,normal,intensive (Storm/Mort),run,4.1,1,Y,13688,NA,21.8,4.72,6.1,RSTR8,D3,0.237,MC,1464474.83,cloudy
34341,146_23,2023-05-25,11:49:00,gate 1,88790,normal,non-intensive,run,2.3,1,Y,12617,NA,6.6,2.68,99,RSTR5,NA,0.976388889,EM,1733112.39,clear
34326,143_23,2023-05-22,12:36:00,gate 1,60645,normal,non-intensive,run,1.3,1,Y,15525,NA,11.1,2.71,99,RSTR5,NA,0.980555556,EM,1758208.92,clear
34257,128_23,2023-05-07,19:59:00,gate 8,70609,normal,intensive (Storm/Mort),run,0.4,1,Y,16776,NA,16.9,3.1,7.3,RSTR5,N1,0.24,WM,216270.11,cloudy
34310,139_23,2023-05-18,11:20:00,gate 1,21878,normal,non-intensive,run,1.4,1,Y,15060,NA,10.6,2.89,99,RSTR5,NA,0.99375,EM,2048992.08,clear
34329,143_23,2023-05-22,11:20:00,gate 7,42216,normal,non-intensive,run,1.6,1,Y,15525,NA,11.3,3.82,6,RSTR5,NA,0.976388889,MC,2467866.1,clear
34330,143_23,2023-05-22,12:05:00,gate 8,77780,normal,non-intensive,run,0.9,1,Y,15525,NA,12.8,4.01,6.8,RSTR5,NA,0.971527778,WM,2577119.02,clear
34331,144_23,2023-05-23,12:08:00,gate 1,71755,normal,non-intensive,run,1.9,1,Y,13405,NA,7.75,2.46,99,RSTR5,NA,1.070138889,EM,1745497.68,clear
34332,144_23,2023-05-23,09:57:00,gate 5,88248,normal,non-intensive,run,3.4,1,Y,13405,NA,7.08,3.76,5.7,RSTR5,NA,1.093055556,MC,3369761.31,clear
34333,144_23,2023-05-23,08:48:00,gate 6,84100,normal,non-intensive,run,3.9,0.5,Y,13405,NA,6.78,4.09,6.4,RSTR8,NA,1.008333333,MC,9472874.58,clear
34334,144_23,2023-05-23,10:46:00,gate 7,57007,normal,non-intensive,run,1.6,1,Y,13405,NA,9.09,3.25,5.6,RSTR5,NA,0.988888889,MC,2633434.61,clear
34307,138_23,2023-05-17,09:36:00,gate 7,61606,normal,non-intensive,run,2.3,1,Y,15079,NA,13.4,3.71,5.5,RSTR5,NA,1.002083333,MC,2651219.75,clear
34209,122_23,2023-05-01,13:00:00,gate 7,45314,normal,intensive (Storm/Mort),run,0.2,1,Y,13688,NA,42.2,3.4,5.3,RSTR5,D3,0.238,MC,386888.32,cloudy
34235,126_23,2023-05-05,08:20:00,gate 7,93531,normal,intensive (Storm/Mort),run,0.2,1,Y,15823,NA,12.2,3.8,6,RSTR5,D2,0.267,MC,488840.37,cloudy
34233,126_23,2023-05-05,09:13:00,gate 5,18508,normal,intensive (Storm/Mort),run,2,1,Y,15823,NA,10.6,3.14,5.8,RSTR5,D2,0.259,MC,341732.74,cloudy
34234,126_23,2023-05-05,09:19:00,gate 6,0,normal,intensive (Storm/Mort),run,0.3,0.5,Y,15823,NA,16,4.13,7.7,RSTR8,D2,0.169,MC,920861.12,cloudy
34236,126_23,2023-05-05,09:03:00,gate 8,65245,normal,intensive (Storm/Mort),run,1.3,1,Y,15823,NA,10.4,3.35,4.5,RSTR5,D2,0.25,WM,326324.88,cloudy
34238,126_23,2023-05-05,20:08:00,gate 5,20699,normal,intensive (Storm/Mort),run,0.7,1,Y,15823,NA,12.8,3.61,5.9,RSTR5,N1,0.267,MC,282485.55,rainy
34239,126_23,2023-05-05,20:05:00,gate 6,1259,normal,intensive (Storm/Mort),run,1.5,0.5,Y,15823,NA,11.3,4.13,7.7,RSTR8,N1,0.264,MC,1027758.28,rainy
34240,126_23,2023-05-05,20:01:00,gate 7,95728,normal,intensive (Storm/Mort),run,0.5,1,Y,15823,NA,11.5,3.51,6,RSTR5,N1,0.264,MC,291213.12,rainy
34241,126_23,2023-05-05,19:57:00,gate 8,66868,normal,intensive (Storm/Mort),run,0.3,1,Y,15823,NA,8.71,3.52,6.7,RSTR5,N1,0.258,WM,247469.44,rainy
34206,122_23,2023-05-01,13:13:00,gate 1,2344,normal,intensive (Storm/Mort),run,1.5,1,Y,13688,NA,33.8,2.65,99,RSTR5,D3,0.25,EM,255578.39,cloudy
34237,126_23,2023-05-05,20:16:00,gate 1,30950,normal,intensive (Storm/Mort),run,0.2,1,Y,15823,NA,11.4,2.45,99,RSTR5,N1,0.265,EM,176889.33,rainy
34256,128_23,2023-05-07,20:02:00,gate 7,1360,normal,intensive (Storm/Mort),run,0.6,1,Y,16776,NA,17.2,3.24,6.4,RSTR5,N1,0.26,MC,245654.4,cloudy
34207,122_23,2023-05-01,13:08:00,gate 5,67124,normal,intensive (Storm/Mort),run,1.9,1,Y,13688,NA,36,3.5,5.3,RSTR5,D3,0.244,MC,381009.79,cloudy
34254,128_23,2023-05-07,20:11:00,gate 5,26832,normal,intensive (Storm/Mort),run,1.4,1,Y,16776,NA,12.5,3.44,6.3,RSTR5,N1,0.286,MC,306775.73,cloudy
34253,128_23,2023-05-07,20:14:00,gate 1,32764,normal,intensive (Storm/Mort),run,0.2,1,Y,16776,NA,15.1,2.08,99,RSTR5,N1,0.294,EM,165646.46,cloudy
34252,128_23,2023-05-07,09:14:00,gate 8,69106,normal,intensive (Storm/Mort),run,0.7,1,Y,16776,NA,11.3,3.55,7.2,RSTR5,D2,0.262,WM,421137.51,cloudy
34251,128_23,2023-05-07,09:10:00,gate 7,99476,normal,intensive (Storm/Mort),run,1,1,Y,16776,NA,15.2,4.26,6.6,RSTR5,D2,0.248,MC,512276.44,cloudy
34250,128_23,2023-05-07,09:06:00,gate 6,3825,normal,intensive (Storm/Mort),run,2.8,0.5,Y,16776,NA,12.5,4.79,7.4,RSTR8,D2,0.231,MC,1540767.73,cloudy
34249,128_23,2023-05-07,09:18:00,gate 5,24866,normal,intensive (Storm/Mort),run,2.1,1,Y,16776,NA,17,3.59,6.5,RSTR5,D2,0.279,MC,454112.59,cloudy
34248,128_23,2023-05-07,09:26:00,gate 1,32000,normal,intensive (Storm/Mort),run,0.6,1,Y,16776,NA,14,2.34,99,RSTR5,D2,0.288,EM,263624.74,cloudy
34314,139_23,2023-05-18,10:23:00,gate 8,22819,normal,non-intensive,run,1.8,1,Y,15060,NA,13.7,3.67,7,RSTR5,NA,1.022916667,WM,2482601.54,clear
34229,126_23,2023-05-05,09:35:00,gate 1,30042,normal,intensive (Storm/Mort),run,2.1,1,Y,15823,NA,16.6,2.59,99,RSTR5,D2,0.238,EM,240717.78,cloudy
34370,151_23,2023-05-30,11:38:00,gate 8,79318,normal,non-intensive,run,0.4,1,Y,11849,NA,6.68,3.34,5.5,RSTR5,NA,0.934027778,WM,2065315.6,clear
34308,138_23,2023-05-17,10:45:00,gate 8,8984,normal,non-intensive,run,1,1,Y,15079,NA,12.3,3.4,6.6,RSTR5,NA,0.984722222,WM,2560985.6,clear
34361,150_23,2023-05-29,14:21:00,gate 1,33455,normal,non-intensive,run,3.9,1,Y,12145,NA,6.76,2.65,99,RSTR5,NA,0.953472222,EM,1671562.73,clear
34362,150_23,2023-05-29,10:35:00,gate 5,89223,normal,non-intensive,run,3.7,1,Y,12145,NA,7.57,3.85,5.3,RSTR5,NA,1.081944444,MC,2971753.92,clear
34363,150_23,2023-05-29,09:09:00,gate 6,43270,normal,non-intensive,run,4.1,0.5,Y,12145,NA,6.28,4.13,6.5,RSTR8,NA,1.022222222,MC,9222717.94,clear
34364,150_23,2023-05-29,12:10:00,gate 7,43660,normal,non-intensive,run,1.9,1,Y,12145,NA,8.61,3.4,5.5,RSTR5,NA,0.947222222,MC,2134482.77,clear
34356,149_23,2023-05-28,12:51:00,gate 1,23306,normal,non-intensive,run,3.9,1,Y,12761,NA,10.7,2.34,99,RSTR5,NA,1.0625,EM,1643406.27,clear
34366,151_23,2023-05-30,13:14:00,gate 1,43313,partial block,non-intensive,run,2.5,1,Y,11849,NA,5.95,2.54,99,RSTR5,NA,0.936805556,EM,1577332.21,clear
34355,148_23,2023-05-27,11:14:00,gate 8,42501,normal,non-intensive,run,0.8,1,Y,12673,NA,4.79,3.27,6,RSTR5,NA,1.022222222,WM,2380536.53,clear
34359,149_23,2023-05-28,10:55:00,gate 7,30300,normal,non-intensive,run,1.7,1,Y,12761,NA,10.9,3.42,5.5,RSTR5,NA,1.052083333,MC,2567406.28,clear
34369,151_23,2023-05-30,10:54:00,gate 7,56688,normal,non-intensive,run,0.9,1,Y,11849,NA,6.66,3.07,5,RSTR5,NA,0.938194444,MC,1907387.4,clear
34358,149_23,2023-05-28,08:42:00,gate 6,32361,normal,non-intensive,run,4,0.5,Y,12761,NA,8.28,4.1,6.3,RSTR8,NA,1.01875,MC,9131976.47,clear
34371,152.0_23,2023-05-31,11:43:00,gate 1,46562,not rotating,non-intensive,run,1,1,Y,11596,NA,7.34,2.68,99,RSTR5,NA,1.020833333,EM,1812103.99,clear
34372,152.0_23,2023-05-31,10:29:00,gate 5,12161,not rotating,non-intensive,run,1.4,1,Y,11596,NA,6.09,3.74,5.3,RSTR5,NA,0.975694444,MC,2792776.11,clear
34373,152_23,2023-05-31,08:18:00,gate 6,63751,normal,non-intensive,run,2.3,0.5,Y,11596,NA,5.75,4.07,6.1,RSTR8,NA,1.009722222,MC,8984092.26,clear
34374,152_23,2023-05-31,09:25:00,gate 7,71192,normal,non-intensive,run,1.1,1,Y,11596,NA,6.31,3.29,5,RSTR5,NA,1.045833333,MC,2278688.72,clear
34365,150_23,2023-05-29,13:22:00,gate 8,67740,normal,non-intensive,run,0.6,1,Y,12145,NA,6.9,3.4,5.9,RSTR5,NA,0.927777778,WM,2250097.41,clear
34264,131_23,2023-05-10,08:57:00,gate 1,58238,normal,non-intensive,run,1.6,1,Y,15622,NA,5.43,2.58,99,RSTR5,NA,1.124305556,EM,1922641.75,clear
34338,145_23,2023-05-24,09:00:00,gate 6,94698,normal,non-intensive,run,3.4,0.5,Y,12952,NA,6.09,4.35,6.2,RSTR8,NA,0.979861111,MC,9584640.8,clear
34255,128_23,2023-05-07,20:06:00,gate 6,5312,normal,intensive (Storm/Mort),run,2,0.5,Y,16776,NA,15.3,5.1,7.3,RSTR8,N1,0.279,MC,1304199.75,cloudy
34368,151_23,2023-05-30,09:41:00,gate 6,53152,normal,non-intensive,run,3.4,0.5,Y,11849,NA,6.5,4.06,6.25,RSTR8,NA,0.942361111,MC,8796405.57,clear
34336,145_23,2023-05-24,13:49:00,gate 1,78482,not rotating,non-intensive,run,1.9,1,Y,12952,NA,8.39,3.28,99,RSTR5,NA,0.916666667,EM,1989081.21,clear
34340,145_23,2023-05-24,11:13:00,gate 8,3511,normal,non-intensive,run,0.6,1,Y,12952,NA,7.05,3.67,6,RSTR5,NA,0.997916667,WM,2422070.2,clear
34318,141_23,2023-05-20,10:06:00,gate 8,50496,normal,non-intensive,run,1.3,1,Y,15186,NA,10.8,3.62,7,RSTR5,NA,1.075,WM,2775493.26,clear
34321,142_23,2023-05-21,12:57:00,gate 1,51316,normal,non-intensive,run,1.2,1,Y,15252,NA,12.1,2.84,99,RSTR5,NA,0.985416667,EM,1850152.48,clear
34322,142_23,2023-05-21,09:59:00,gate 5,51912,normal,non-intensive,run,3.6,1,Y,15252,NA,7.97,3.4,6.2,RSTR5,NA,1.022916667,MC,2302964.74,clear
34316,141_23,2023-05-20,12:50:00,gate 6,51954,normal,non-intensive,run,5,0.5,Y,15186,NA,9.21,4.45,6.9,RSTR8,NA,0.834722222,MC,8342158.14,clear
34323,142_23,2023-05-21,08:52:00,gate 6,63396,normal,non-intensive,run,4.5,0.5,Y,15252,NA,7.73,4.61,7,RSTR8,NA,1.009027778,MC,10686669.7,clear
34315,141.0_23,2023-05-20,11:19:00,gate 5,33712,not rotating,non-intensive,run,0.9,1,Y,15186,NA,11.4,3.46,6.2,RSTR5,NA,0.944444444,MC,2681872.15,clear
34312,139_23,2023-05-18,08:53:00,gate 6,29392,normal,non-intensive,run,7.8,1,Y,15060,NA,9,4.39,7.1,RSTR8,NA,0.991666667,MC,9787391.89,clear
34360,149_23,2023-05-28,11:46:00,gate 8,56210,normal,non-intensive,run,0.6,1,Y,12761,NA,9.43,3.54,6,RSTR5,NA,1.066666667,WM,2500261.91,clear
34311,139_23,2023-05-18,10:48:00,gate 5,11640,normal,non-intensive,run,3.2,1,Y,15060,NA,12.4,3.47,5.5,RSTR5,NA,0.965277778,MC,2563318,clear
34335,144_23,2023-05-23,11:24:00,gate 8,90555,normal,non-intensive,run,0.6,1,Y,13405,NA,7.67,3.47,6.3,RSTR5,NA,0.992361111,WM,2452297.97,clear
34313,139_23,2023-05-18,09:39:00,gate 7,78008,normal,non-intensive,run,1,1,Y,15060,NA,12.9,3.64,6.1,RSTR5,NA,1.033333333,MC,2876980.77,clear
34324,142_23,2023-05-21,10:47:00,gate 7,26409,normal,non-intensive,run,1.3,1,Y,15252,NA,8.68,3.37,6.1,RSTR5,NA,1.022916667,MC,2827062.03,clear
34325,142_23,2023-05-21,11:54:00,gate 8,64358,normal,non-intensive,run,1.1,1,Y,15252,NA,7.41,3.37,7,RSTR5,NA,1.007638889,WM,2250567.09,clear
34317,141_23,2023-05-20,10:46:00,gate 7,9976,normal,non-intensive,run,2,1,Y,15186,NA,11.7,3.72,6.1,RSTR5,NA,1.000694444,MC,2650485.34,clear
34327,143_23,2023-05-22,10:32:00,gate 5,69440,normal,non-intensive,run,2.6,1,Y,15525,NA,11.6,3.31,6.2,RSTR5,NA,0.975694444,MC,2474207.68,clear
34309,141_23,2023-05-20,12:11:00,gate 1,41871,normal,non-intensive,run,2.8,1,Y,15186,NA,10.6,2.67,99,RSTR5,NA,1.031944444,EM,1823660.44,clear
34367,151_23,2023-05-30,12:33:00,gate 5,3863,normal,non-intensive,run,2.5,1,Y,11849,NA,6.93,3.86,5.1,RSTR5,NA,0.913888889,MC,2333148.78,clear
34345,146_23,2023-05-25,11:10:00,gate 8,15819,normal,non-intensive,run,1.3,1,Y,12617,NA,7.09,3.42,6.5,RSTR5,NA,0.943055556,WM,2135344.14,clear
34347,147_23,2023-05-26,10:27:00,gate 5,37112,partial block,non-intensive,run,3.3,1,Y,12291,NA,13.1,3.59,5.6,RSTR5,NA,0.972916667,MC,2670646.22,clear
33904,61_23,2023-03-01,17:56:00,gate 8,85328,normal,intensive (Storm/Mort),run,0.1,1,Y,9319,NA,63.7,3.11,4.4,RSTR5,N1,0.315,WM,307054.01,clear
33901,61_23,2023-03-01,18:06:00,gate 5,65914,normal,intensive (Storm/Mort),run,0.4,1,Y,9319,NA,64.7,3.76,4.3,RSTR5,N1,0.262,MC,333146.94,clear
33903,61_23,2023-03-01,18:01:00,gate 7,5743,normal,intensive (Storm/Mort),run,0.1,1,Y,9319,NA,63.9,3.38,3.5,RSTR5,N1,0.289,MC,329811.07,clear
33905,61_23,2023-03-01,07:22:00,gate 1,75725,normal,intensive (Storm/Mort),run,0.1,1,Y,9319,NA,36.7,2.45,99,RSTR5,D1,0.238,EM,196699.39,clear
33906,61_23,2023-03-01,07:16:00,gate 5,63681,normal,intensive (Storm/Mort),run,0.2,1,Y,9319,NA,38.7,3.08,4.9,RSTR5,D1,0.223,MC,266999.44,clear
33907,61_23,2023-03-01,07:14:00,gate 6,68022,normal,intensive (Storm/Mort),run,1.1,1,Y,9319,NA,37.3,4.98,6.4,RSTR8,D1,0.239,MC,1296031.32,clear
33909,61_23,2023-03-01,07:07:00,gate 8,83361,normal,intensive (Storm/Mort),run,0.1,1,Y,9319,NA,34.9,2.9,4.7,RSTR5,D1,0.293,WM,286605,clear
33900,61_23,2023-03-01,18:10:00,gate 1,77118,normal,intensive (Storm/Mort),run,0.2,1,Y,9319,NA,63.1,2.51,99,RSTR5,N1,0.309,EM,243182.21,clear
33908,61_23,2023-03-01,07:10:00,gate 7,3208,normal,intensive (Storm/Mort),run,0.4,1,Y,9319,NA,37.8,4.05,5,RSTR5,D1,0.287,MC,392802.92,clear
33902,61_23,2023-03-01,18:03:00,gate 6,69790,normal,intensive (Storm/Mort),run,0.8,1,Y,9319,NA,63.8,3.55,5.7,RSTR8,N1,0.261,MC,985729.29,clear
33926,62_23,2023-03-02,15:35:00,gate 1,78475,normal,intensive (Storm/Mort),run,0.2,1,Y,7351,NA,13.8,2.65,99,RSTR5,D4,0.269,EM,224430.27,clear
33927,62_23,2023-03-02,15:30:00,gate 5,67496,normal,intensive (Storm/Mort),run,0.5,1,Y,7351,NA,12.2,3.03,3.5,RSTR5,D4,0.257,MC,264308.19,clear
33928,62_23,2023-03-02,15:25:00,gate 6,70961,normal,intensive (Storm/Mort),run,0.6,1,Y,7351,NA,11.3,3.56,5,RSTR8,D4,0.231,MC,877010.7,clear
33929,62_23,2023-03-02,15:21:00,gate 7,7576,normal,intensive (Storm/Mort),run,0.2,1,Y,7351,NA,12,3.64,3.25,RSTR5,D4,0.249,MC,306297.31,clear
33930,62_23,2023-03-02,15:18:00,gate 8,86893,normal,intensive (Storm/Mort),run,0.1,1,Y,7351,NA,12.2,2.68,4.6,RSTR5,D4,0.262,WM,254930.18,clear
33931,62_23,2023-03-02,18:39:00,gate 1,79574,normal,intensive (Storm/Mort),run,0.4,1,Y,7351,NA,10.9,2.61,99,RSTR5,N1,0.205,EM,185658.14,clear
33933,62_23,2023-03-02,18:03:00,gate 6,71635,normal,intensive (Storm/Mort),run,1.2,1,Y,7351,NA,12,3.6,5,RSTR8,N1,0.143,MC,573735.96,cloudy
33935,62_23,2023-03-02,18:17:00,gate 8,88387,normal,intensive (Storm/Mort),run,0.2,1,Y,7351,NA,12.4,2.61,4.4,RSTR5,N1,0.226,WM,205204.43,cloudy
33932,62_23,2023-03-02,18:26:00,gate 5,68749,normal,intensive (Storm/Mort),run,0.8,1,Y,7351,NA,10.8,3.59,3.6,RSTR5,N1,0.221,MC,249111.35,clear
33934,62_23,2023-03-02,18:11:00,gate 7,9469,normal,intensive (Storm/Mort),run,0.2,1,Y,7351,NA,13.1,3.57,3.6,RSTR5,N1,0.238,MC,295247.57,clear
33916,63_23,2023-03-03,09:23:00,gate 5,70325,normal,intensive (Storm/Mort),run,0.1,0.5,Y,6743,NA,9.35,3.34,3.5,RSTR5,D2,0.27,MC,285333.04,clear
33925,63_23,2023-03-03,21:04:00,gate 8,92260,normal,intensive (Storm/Mort),run,0.2,1,Y,6743,NA,8.01,2.85,4.3,RSTR5,N2,0.266,WM,261606.71,cloudy
33921,63_23,2023-03-03,21:08:00,gate 5,1630,normal,intensive (Storm/Mort),run,0.3,0.5,Y,6743,NA,8.84,3.38,4,RSTR5,N2,0.273,MC,318802.13,cloudy
33920,63_23,2023-03-03,21:16:00,gate 1,81926,normal,intensive (Storm/Mort),run,0.1,1,Y,6743,NA,8.54,2.68,99,RSTR5,N2,0.281,EM,259720.97,cloudy
33919,63_23,2023-03-03,09:34:00,gate 8,89944,normal,intensive (Storm/Mort),run,0.1,1,Y,6743,NA,9.11,3.1,4.7,RSTR5,D2,0.241,WM,236764.47,clear
33918,63_23,2023-03-03,09:31:00,gate 7,11200,normal,intensive (Storm/Mort),run,0.1,0.5,Y,6743,NA,8.77,3.6,3,RSTR5,D2,0.251,MC,286613.24,clear
33924,63_23,2023-03-03,21:00:00,gate 7,13501,normal,intensive (Storm/Mort),run,0.2,0.5,Y,6743,NA,9.04,3.53,3.2,RSTR5,N2,0.262,MC,319963.46,cloudy
33917,63_23,2023-03-03,09:28:00,gate 6,72665,normal,intensive (Storm/Mort),run,0.1,0.5,Y,6743,NA,9.24,3.34,4.9,RSTR8,D2,0.247,MC,819037.44,clear
33923,63_23,2023-03-03,20:57:00,gate 6,74065,normal,intensive (Storm/Mort),run,0.3,0.5,Y,6743,NA,8.5,3.4,4.9,RSTR8,N2,0.254,MC,984406.27,cloudy
33915,63_23,2023-03-03,09:39:00,gate 1,80670,normal,intensive (Storm/Mort),run,0.1,1,Y,6743,NA,9.18,2.64,99,RSTR5,D2,0.257,EM,214775.45,clear
33945,65_23,2023-03-05,15:10:00,gate 8,93923,normal,intensive (Storm/Mort),run,0.1,1,Y,7054,NA,6.57,3.21,4.7,RSTR5,D4,0.244,WM,268271.13,cloudy
33944,65_23,2023-03-05,15:08:00,gate 7,15324,normal,intensive (Storm/Mort),run,0.3,1,Y,7054,NA,7.36,3.57,3.2,RSTR5,D4,0.257,MC,291914.25,cloudy
33943,65_23,2023-03-05,15:14:00,gate 6,75169,normal,intensive (Storm/Mort),run,0.4,1,Y,7054,NA,6.51,3.34,4.8,RSTR8,D4,0.257,MC,903665.64,cloudy
33942,65_23,2023-03-05,15:17:00,gate 5,3118,normal,intensive (Storm/Mort),run,0.2,1,Y,7054,NA,6.69,3.35,3.2,RSTR5,D4,0.263,MC,280364.02,cloudy
33941,65_23,2023-03-05,15:21:00,gate 1,83106,normal,intensive (Storm/Mort),run,0.1,1,Y,7054,NA,8.47,2.55,99,RSTR5,D4,0.27,EM,218780.88,cloudy
33938,65_23,2023-03-06,00:07:00,gate 6,76350,normal,intensive (Storm/Mort),run,0.3,1,Y,7054,NA,7.46,3.51,4.9,RSTR8,N3,0.253,MC,980442.23,clear
33950,66_23,2023-03-06,06:37:00,gate 1,96496,normal,non-intensive,run,2.8,1,Y,7513,NA,10.7,2.92,99,RSTR5,NA,1.123611111,EM,2008867.41,cloudy
33948,66_23,2023-03-06,06:25:00,gate 6,87352,normal,non-intensive,run,5.8,1,Y,7513,NA,7.2,3.97,5,RSTR8,NA,1.088888889,MC,9716630.37,cloudy
33947,66_23,2023-03-06,06:28:00,gate 7,34905,normal,non-intensive,run,0.6,1,Y,7513,NA,8.91,3.42,3.9,RSTR5,NA,1.082638889,MC,2640835.01,cloudy
33946,66_23,2023-03-06,06:30:00,gate 8,11406,normal,non-intensive,run,2.9,1,Y,7513,NA,11.9,2.92,4.5,RSTR5,NA,1.092361111,WM,2272006.15,cloudy
33940,65_23,2023-03-06,00:00:00,gate 8,95603,normal,intensive (Storm/Mort),run,0.1,1,Y,7054,NA,9.02,3.2,4.3,RSTR5,N3,0.241,WM,264453.84,clear
33939,65_23,2023-03-06,00:03:00,gate 7,17162,normal,intensive (Storm/Mort),run,0.1,1,Y,7054,NA,7.76,3.29,3.5,RSTR5,N3,0.248,MC,279586.74,clear
33937,65_23,2023-03-06,00:10:00,gate 5,4761,normal,intensive (Storm/Mort),run,0.2,1,Y,7054,NA,7.63,3.35,3.5,RSTR5,N3,0.264,MC,303102.46,clear
33936,65_23,2023-03-06,00:15:00,gate 1,84385,normal,intensive (Storm/Mort),run,0.1,1,Y,7054,NA,6.71,2.66,99,RSTR5,N3,0.27,EM,246952.27,clear
33949,66_23,2023-03-06,06:34:00,gate 5,20163,normal,non-intensive,run,3,1,Y,7513,NA,9.17,3.02,3.9,RSTR5,NA,1.100694444,MC,2366719.52,cloudy
33955,67_23,2023-03-07,08:43:00,gate 8,24171,normal,non-intensive,run,0.9,1,Y,8285,NA,10,3.04,4.5,RSTR5,NA,1.068055556,WM,2317760.33,clear
33954,67_23,2023-03-07,08:27:00,gate 7,50860,normal,non-intensive,run,1.1,1,Y,8285,NA,9.22,2.89,4.2,RSTR5,NA,1.063888889,MC,2192803.31,clear
33953,67_23,2023-03-07,08:33:00,gate 6,94333,normal,non-intensive,run,4,1,Y,8285,NA,9.62,3.72,6.5,RSTR8,NA,1.020138889,MC,8517711.34,clear
33952,67_23,2023-03-07,08:59:00,gate 5,34576,normal,non-intensive,run,3,1,Y,8285,NA,9.38,3.52,4.3,RSTR5,NA,1.1,MC,2563947.54,clear
33951,67_23,2023-03-07,09:35:00,gate 1,3443,partial block,non-intensive,run,2.5,1,Y,8285,NA,10.8,2.78,99,RSTR5,NA,1.052083333,EM,1936281.32,clear
33960,68_23,2023-03-08,10:21:00,gate 8,35568,normal,non-intensive,run,0.9,1,Y,9705,NA,10.3,2.66,4.5,RSTR5,NA,0.934027778,WM,1773291.71,cloudy
33957,68_23,2023-03-08,11:23:00,gate 5,46368,not rotating,non-intensive,run,4.1,1,Y,9705,NA,9.02,3.62,3.8,RSTR5,NA,0.923611111,MC,2210585.98,rainy
33956,68_23,2023-03-08,10:50:00,gate 1,12186,normal,non-intensive,run,5.5,1,Y,9705,NA,11.7,2.59,99,RSTR5,NA,0.944444444,EM,1499266.33,cloudy
33958,68_23,2023-03-08,09:02:00,gate 6,4439,normal,non-intensive,run,10.8,1,Y,9705,NA,9.23,3.6,5.7,RSTR8,NA,0.990972222,MC,7792661.35,cloudy
33959,68_23,2023-03-08,09:59:00,gate 7,65602,normal,non-intensive,run,1.9,1,Y,9705,NA,10.3,3.65,3.7,RSTR5,NA,0.929861111,MC,2419956.29,cloudy
33971,77_23,2023-03-17,13:25:00,gate 7,14632,normal,intensive (Storm/Mort),run,0.5,1,Y,14807,NA,80.8,3.55,6.3,RSTR5,D3,0.267,MC,339439.46,clear
33970,77_23,2023-03-17,13:31:00,gate 5,6129,normal,intensive (Storm/Mort),run,1.7,1,Y,14807,NA,73.9,3.83,5.5,RSTR8,D3,0.269,MC,1163628.38,cloudy
33972,77_23,2023-03-17,13:22:00,gate 8,48573,normal,intensive (Storm/Mort),run,0.2,1,Y,14807,NA,85.6,3.4,7.4,RSTR5,D3,0.26,WM,316192.5,clear
33969,77_23,2023-03-17,13:35:00,gate 1,36650,normal,intensive (Storm/Mort),run,0.3,1,Y,14807,NA,77.1,2.49,99,RSTR5,D3,0.293,EM,242372.73,clear
33968,77_23,2023-03-18,01:21:00,gate 8,51199,normal,intensive (Storm/Mort),run,0.5,1,Y,14807,NA,73.3,3.36,5.2,RSTR5,N3,0.297,WM,354575.43,clear
33962,78_23,2023-03-18,13:12:00,gate 5,9276,normal,intensive (Storm/Mort),run,2.1,1,Y,12862,NA,60.5,3.65,5.1,RSTR8,D3,0.253,MC,1020644.89,cloudy
33964,78_23,2023-03-18,13:03:00,gate 8,52876,normal,intensive (Storm/Mort),run,0.2,1,Y,12862,NA,61.9,3.27,6.6,RSTR5,D3,0.32,WM,375880.89,cloudy
33966,77_23,2023-03-18,01:15:00,gate 5,7745,normal,intensive (Storm/Mort),run,2.5,1,Y,14807,NA,73.7,4.05,5.3,RSTR8,N3,0.253,MC,1143871.73,clear
33963,78_23,2023-03-18,13:06:00,gate 7,19310,normal,intensive (Storm/Mort),run,0.5,1,Y,12862,NA,53.8,3.47,4.7,RSTR5,D3,0.247,MC,307171.38,cloudy
33965,77_23,2023-03-18,01:26:00,gate 1,38035,normal,intensive (Storm/Mort),run,0.5,1,Y,14807,NA,64.2,2.63,99,RSTR5,N3,0.307,EM,265503.53,clear
33967,77_23,2023-03-18,01:18:00,gate 7,17373,normal,intensive (Storm/Mort),run,0.4,1,Y,14807,NA,72.3,2.98,6,RSTR5,N3,0.285,MC,323567.55,clear
33961,78_23,2023-03-18,13:16:00,gate 1,39263,normal,intensive (Storm/Mort),run,0.2,1,Y,12862,NA,60.7,2.82,99,RSTR5,D3,0.259,EM,262875.11,cloudy
33979,78_23,2023-03-19,04:11:00,gate 5,10729,normal,intensive (Storm/Mort),run,3.6,1,Y,12862,NA,33,3.76,4.8,RSTR8,N4,0.234,MC,953076.93,rainy
33984,79_23,2023-03-19,10:10:00,gate 7,19867,normal,intensive (Storm/Mort),run,2.6,1,Y,21034,NA,46.7,3.35,5.5,RSTR5,D2,0.242,MC,293159.79,rainy
33985,79_23,2023-03-19,10:07:00,gate 8,56479,normal,intensive (Storm/Mort),run,5,1,Y,21034,NA,45.4,3.1,6.5,RSTR5,D2,0.238,WM,248034.86,rainy
33978,78_23,2023-03-19,04:20:00,gate 1,40417,normal,intensive (Storm/Mort),run,0.7,1,Y,12862,NA,41.5,2.54,99,RSTR5,N4,0.245,EM,220316.25,rainy
33980,78_23,2023-03-19,04:14:00,gate 7,19422,normal,intensive (Storm/Mort),run,0.5,1,Y,12862,NA,43.2,3.5,4.5,RSTR5,N4,0.239,MC,318006.64,rainy
33981,78_23,2023-03-19,04:17:00,gate 8,54395,normal,intensive (Storm/Mort),run,0.5,1,Y,12862,NA,35.9,2.69,6.8,RSTR5,N4,0.241,WM,229011.67,rainy
33982,79_23,2023-03-19,10:16:00,gate 1,41742,normal,intensive (Storm/Mort),run,0.5,1,Y,21034,NA,53.1,2.66,99,RSTR5,D2,0.255,EM,227167.3,rainy
33983,79_23,2023-03-19,10:13:00,gate 5,12403,normal,intensive (Storm/Mort),run,4,1,Y,21034,NA,38.9,3.58,5,RSTR8,D2,0.252,MC,971376.76,rainy
33987,79_23,2023-03-20,04:06:00,gate 5,14030,normal,intensive (Storm/Mort),run,4.7,1,Y,21034,NA,140,4.9,7.4,RSTR8,N4,0.251,MC,1392687.51,cloudy
33989,79_23,2023-03-20,04:15:00,gate 8,58579,not rotating,intensive (Storm/Mort),run,1.6,1,Y,21034,NA,121,3.43,8.6,RSTR5,N4,0.242,WM,314069.28,cloudy
33986,79_23,2023-03-20,04:20:00,gate 1,41776,normal,intensive (Storm/Mort),run,0.2,1,Y,21034,NA,98.9,1.07,99,RSTR5,N4,0.245,EM,85950.85,cloudy
33988,79_23,2023-03-20,04:09:00,gate 7,22271,normal,intensive (Storm/Mort),run,2.3,1,Y,21034,NA,121,3.07,6,RSTR5,N4,0.259,MC,321162.48,cloudy
33992,81_23,2023-03-21,10:20:00,gate 6,15950,normal,intensive (Storm/Mort),run,1.8,1,Y,14406,NA,47.6,5.11,6.8,RSTR8,D2,0.239,MC,1436771.34,cloudy
33994,81_23,2023-03-21,10:17:00,gate 7,24804,normal,intensive (Storm/Mort),run,0.2,1,Y,14406,NA,56.6,3.43,6.4,RSTR5,D2,0.233,MC,289959.67,cloudy
34000,81_23,2023-03-21,19:28:00,gate 8,62440,normal,intensive (Storm/Mort),run,0.3,1,Y,14406,NA,30.9,2.98,7,RSTR5,N1,0.206,WM,265668.23,rainy
33999,81_23,2023-03-21,19:25:00,gate 7,26769,normal,intensive (Storm/Mort),run,0.4,1,Y,14406,NA,27.7,3.37,5.9,RSTR5,N1,0.254,MC,320474.86,rainy
33998,81_23,2023-03-21,19:23:00,gate 6,17598,normal,intensive (Storm/Mort),run,1.5,1,Y,14406,NA,32,4.38,6.7,RSTR8,N1,0.224,MC,1079212.68,rainy
33995,81_23,2023-03-21,10:15:00,gate 8,60686,normal,intensive (Storm/Mort),run,0.1,1,Y,14406,NA,45.5,3.17,7.3,RSTR5,D2,0.223,WM,257481.21,cloudy
33991,81_23,2023-03-21,10:13:00,gate 1,42822,normal,intensive (Storm/Mort),run,0.1,1,Y,14406,NA,58.3,2.54,99,RSTR5,D2,0.265,EM,227286.85,cloudy
33996,81_23,2023-03-21,19:35:00,gate 1,44274,normal,intensive (Storm/Mort),run,0.2,1,Y,14406,NA,30.9,2.79,99,RSTR5,N1,0.301,EM,272082.13,rainy
33993,81_23,2023-03-21,10:08:00,gate 5,68749,normal,intensive (Storm/Mort),run,0.3,1,Y,14406,NA,46.4,2.56,5.9,RSTR5,D2,0.264,MC,263919.29,cloudy
33997,81_23,2023-03-21,19:32:00,gate 5,71481,normal,intensive (Storm/Mort),run,0.5,1,Y,14406,NA,36.2,3.18,5.8,RSTR5,N1,0.287,MC,319751.64,rainy
33974,82_23,2023-03-22,08:31:00,gate 5,88822,normal,non-intensive,run,4.4,1,Y,13538,NA,42.9,3.4,5.7,RSTR5,NA,1.022222222,MC,2476920.6,clear
33973,82_23,2023-03-22,08:59:00,gate 1,55613,normal,non-intensive,run,3.8,1,Y,13538,NA,39.6,3.05,99,RSTR5,NA,1.046527778,EM,2110478.36,clear
33975,82_23,2023-03-22,08:12:00,gate 6,29546,normal,non-intensive,run,12,1,Y,13538,NA,40.9,4.29,6.5,RSTR8,NA,1.035416667,MC,9714588.83,clear
33977,82_23,2023-03-22,08:23:00,gate 8,75581,normal,non-intensive,run,1.6,1,Y,13538,NA,34.3,3.28,6.5,RSTR5,NA,1.095138889,WM,2560488.28,clear
33976,82_23,2023-03-22,08:53:00,gate 7,42321,normal,non-intensive,run,2.1,1,Y,13538,NA,36.2,3.27,5.8,RSTR5,NA,1.054166667,MC,2639481.46,clear
34004,83_23,2023-03-23,10:11:00,gate 7,44032,normal,non-intensive,run,2.5,1,Y,13600,NA,41.9,3.29,5.4,RSTR5,NA,0.996527778,MC,2334367.48,clear
34001,83_23,2023-03-23,10:06:00,gate 1,66115,normal,non-intensive,run,4,1,Y,13600,NA,38.3,3.02,99,RSTR5,NA,1.057638889,EM,2111586.26,clear
34002,83.0_23,2023-03-23,09:03:00,gate 5,14,normal,non-intensive,run,2.7,1,Y,13600,NA,34.5,3.11,5.2,RSTR5,NA,1.084722222,MC,2583313.52,clear
34003,83_23,2023-03-23,09:03:00,gate 6,41199,normal,non-intensive,run,12.5,1,Y,13600,NA,34.5,3.91,6.5,RSTR8,NA,1.011805556,MC,8893751.43,clear
34005,83_23,2023-03-23,10:40:00,gate 8,87856,normal,non-intensive,run,1.8,1,Y,13600,NA,34.9,2.95,5.8,RSTR5,NA,0.991666667,WM,2088476.78,clear
34010,84_23,2023-03-24,10:28:00,gate 8,99153,normal,non-intensive,run,0.7,1,Y,11461,NA,31.9,2.84,5.7,RSTR5,NA,1.005555556,WM,2038554.27,clear
34007,84_23,2023-03-24,11:05:00,gate 5,15888,normal,non-intensive,run,1.3,1,Y,11461,NA,28,3.29,4.75,RSTR5,NA,1.002083333,MC,2347078.87,clear
34008,84_23,2023-03-24,09:20:00,gate 6,51992,normal,non-intensive,run,7,1,Y,11461,NA,27.5,3.9,6.3,RSTR8,NA,0.997916667,MC,8514521.64,clear
34009,84_23,2023-03-24,10:06:00,gate 7,52196,normal,non-intensive,run,1.1,1,Y,11461,NA,27.2,2.85,5,RSTR5,NA,1.000694444,MC,2183739.93,clear
34006,84_23,2023-03-24,11:29:00,gate 1,77714,normal,non-intensive,run,2.4,1,Y,11461,NA,32.4,2.87,99,RSTR5,NA,1.011805556,EM,1924038.98,clear
34014,85_23,2023-03-25,10:07:00,gate 7,64569,normal,non-intensive,run,0.7,1,Y,10119,NA,16.7,3.03,4.8,RSTR5,NA,0.982638889,MC,2125339.31,clear
34013,85_23,2023-03-25,09:17:00,gate 6,61889,normal,non-intensive,run,4.8,1,Y,10119,NA,15.9,3.34,5.7,RSTR8,NA,0.979861111,MC,7362513.34,clear
34011,85_23,2023-03-25,11:46:00,gate 1,89511,normal,non-intensive,run,1,1,Y,10119,NA,17.9,2.96,99,RSTR5,NA,0.979166667,EM,1914997.74,clear
34012,85_23,2023-03-25,11:08:00,gate 5,30406,normal,non-intensive,run,1.4,1,Y,10119,NA,17.9,3.31,4.8,RSTR5,NA,0.979166667,MC,2312015.66,clear
34015,85_23,2023-03-25,10:36:00,gate 8,9149,normal,non-intensive,run,0.2,1,Y,10119,NA,16.7,2.74,5.7,RSTR5,NA,0.979166667,WM,1911824.22,clear
34016,86_23,2023-03-26,11:16:00,gate 1,7274,normal,non-intensive,run,1.7,1,Y,9205,NA,20,3.09,99,RSTR5,NA,0.993055556,EM,2187544.58,clear
34018,86_23,2023-03-26,08:48:00,gate 6,71873,normal,non-intensive,run,4.1,1,Y,9205,NA,20.9,3.5,5.5,RSTR8,NA,1.002083333,MC,7454538,clear
34019,86_23,2023-03-26,09:42:00,gate 7,76485,normal,non-intensive,run,0.8,1,Y,9205,NA,18.3,3.32,5,RSTR5,NA,0.998611111,MC,2365737.07,clear
34020,86_23,2023-03-26,10:06:00,gate 8,18625,normal,non-intensive,run,0.4,1,Y,9205,NA,17,2.6,5.5,RSTR5,NA,0.997222222,WM,1717164.52,clear
34017,86_23,2023-03-26,10:38:00,gate 5,45081,normal,non-intensive,run,0.9,1,Y,9205,NA,18.3,3.02,4.5,RSTR5,NA,0.997916667,MC,2148355.26,clear
34024,87_23,2023-03-27,13:11:00,gate 7,79571,normal,intensive (Storm/Mort),run,0.1,1,Y,8644,NA,15.7,3.28,4.3,RSTR5,D3,0.244,MC,276049.03,cloudy
34025,87_23,2023-03-27,13:09:00,gate 8,20907,normal,intensive (Storm/Mort),run,0.2,1,Y,8644,NA,15.6,2.56,5.4,RSTR5,D3,0.241,WM,212951.94,cloudy
34023,87_23,2023-03-27,13:14:00,gate 6,74898,normal,intensive (Storm/Mort),run,0.5,1,Y,8644,NA,13.2,3.78,5.6,RSTR8,D3,0.252,MC,1113848.11,cloudy
34022,87_23,2023-03-27,13:16:00,gate 5,48497,normal,intensive (Storm/Mort),run,0.3,1,Y,8644,NA,12.1,2.95,4,RSTR5,D3,0.253,MC,277329.94,cloudy
34030,87_23,2023-03-27,19:33:00,gate 8,22758,normal,intensive (Storm/Mort),run,0.1,1,Y,8644,NA,12.5,2.47,5.5,RSTR5,N1,0.261,WM,204643.62,rainy
34021,87_23,2023-03-27,13:20:00,gate 1,1692,normal,intensive (Storm/Mort),run,0.7,1,Y,8644,NA,17.2,2.93,99,RSTR5,D3,0.26,EM,262263.05,cloudy
34027,87_23,2023-03-27,19:36:00,gate 5,52140,normal,intensive (Storm/Mort),run,0.1,1,Y,8644,NA,11.9,2.89,4.4,RSTR5,N1,0.27,MC,266093.81,rainy
34028,87_23,2023-03-27,19:28:00,gate 6,77213,normal,intensive (Storm/Mort),run,0.2,1,Y,8644,NA,18.4,3.5,5.5,RSTR8,N1,0.239,MC,876863.43,cloudy
34029,87_23,2023-03-27,19:30:00,gate 7,82403,normal,intensive (Storm/Mort),run,0.2,1,Y,8644,NA,15.9,3.01,4.2,RSTR5,N1,0.254,MC,242108.33,cloudy
34026,87_23,2023-03-27,19:40:00,gate 1,4392,normal,intensive (Storm/Mort),run,0.1,1,Y,8644,NA,14,2.61,99,RSTR5,N1,0.282,EM,233002.55,rainy
34044,90_23,2023-03-30,16:27:00,gate 8,1440,normal,intensive (Storm/Mort),run,0.1,1,Y,13752,NA,45.2,3.63,6.5,RSTR5,D4,0.198,WM,289717.6,clear
34037,90_23,2023-03-30,18:57:00,gate 8,3340,normal,intensive (Storm/Mort),run,0.2,1,Y,13752,NA,33.6,3.14,7,RSTR5,N1,0.288,WM,282867.52,cloudy
34034,90_23,2023-03-30,19:04:00,gate 5,56456,normal,intensive (Storm/Mort),run,0.8,0.5,Y,13752,NA,28.9,3.27,5.6,RSTR5,N1,0.292,MC,299453.05,cloudy
34035,90_23,2023-03-30,18:52:00,gate 7,86163,normal,intensive (Storm/Mort),run,0.1,0.5,Y,13752,NA,31.8,3.42,5.9,RSTR5,N1,0.285,MC,377665.84,cloudy
34038,90_23,2023-03-30,16:36:00,gate 1,5468,normal,intensive (Storm/Mort),run,0.7,1,Y,13752,NA,48.5,2.71,99,RSTR5,D4,0.203,EM,191986.41,clear
34039,90_23,2023-03-30,16:30:00,gate 5,54054,normal,intensive (Storm/Mort),run,1,0.5,Y,13752,NA,53.6,3.19,5.8,RSTR5,D4,0.226,MC,261341.43,clear
34040,90_23,2023-03-30,16:21:00,gate 6,78549,normal,intensive (Storm/Mort),run,1.5,0.5,Y,13752,NA,41.9,4.85,6.8,RSTR8,D4,0.194,MC,1137356.15,clear
34041,90_23,2023-03-30,16:24:00,gate 7,84072,normal,intensive (Storm/Mort),run,0.2,0.5,Y,13752,NA,42.1,3.41,5.7,RSTR5,D4,0.195,MC,249495.39,clear
34033,90_23,2023-03-30,19:10:00,gate 1,6876,normal,intensive (Storm/Mort),run,0.2,1,Y,13752,NA,28.8,2.65,99,RSTR5,N1,0.297,EM,264596.49,cloudy
34046,91_23,2023-03-31,22:18:00,gate 5,61093,normal,intensive (Storm/Mort),run,0.1,0.5,Y,11652,NA,43.8,3.36,5.1,RSTR5,N2,0.26,MC,272190.13,clear
34052,91_23,2023-03-31,09:52:00,gate 7,89317,normal,intensive (Storm/Mort),run,0.5,0.5,Y,11652,NA,20.4,3.26,5.5,RSTR5,D2,0.262,MC,322678.13,cloudy
34051,91_23,2023-03-31,09:49:00,gate 6,80172,normal,intensive (Storm/Mort),run,1.2,0.5,Y,11652,NA,24.5,4.33,6.25,RSTR8,D2,0.198,MC,1044163.05,clear
34050,91_23,2023-03-31,09:57:00,gate 5,58617,normal,intensive (Storm/Mort),run,0.6,0.5,Y,11652,NA,25.1,3.26,5.25,RSTR5,D2,0.251,MC,308495.55,cloudy
34049,91_23,2023-03-31,10:01:00,gate 1,8531,normal,intensive (Storm/Mort),run,0.5,1,Y,11652,NA,21.7,3.03,99,RSTR5,D2,0.261,EM,277216.47,cloudy
34048,91_23,2023-03-31,22:11:00,gate 8,7331,normal,intensive (Storm/Mort),run,0.1,1,Y,11652,NA,48.5,3.41,6.2,RSTR5,N2,0.249,WM,264490.7,clear
34047,91_23,2023-03-31,22:14:00,gate 7,91601,normal,intensive (Storm/Mort),run,0.1,1,Y,11652,NA,47.1,3.19,4.8,RSTR5,N2,0.254,MC,271832.04,clear
34045,91_23,2023-03-31,22:23:00,gate 1,9905,normal,intensive (Storm/Mort),run,0.2,1,Y,11652,NA,45.5,2.61,99,RSTR5,N2,0.265,EM,215655.47,clear
34053,91_23,2023-03-31,09:54:00,gate 8,5158,normal,intensive (Storm/Mort),run,0.3,1,Y,11652,NA,20.9,3.6,6.25,RSTR5,D2,0.265,WM,334143.75,cloudy
